Category,Row_ID,Compound_Name,Precursor_MZ,RT_Query,subclass,MZErrorPPM,superclass,class,npclassifier_superclass,npclassifier_class,npclassifier_pathway,SpectrumID,,
Analogues,15013,(3-hydroxyheptadecanoyl)glycine,344.28,591.177,N/A,0.886417,N/A,N/A,N/A,N/A,N/A,CCMSLIB00004679238,,
Analogues,11837,(3-hydroxypentadecanoyl)lysine,387.322,503.978,N/A,1.02429,N/A,N/A,N/A,N/A,N/A,CCMSLIB00004679232,,
Analogues,6236,"3,6-Bis(1H-indol-3-ylmethyl)-2,5-piperazinedione",373.166,319.162,"Amino acids, peptides, and analogues",2.61697,Organic acids and derivatives,Carboxylic acids and derivatives,Peptide alkaloids|Small peptides,"Dipeptides|Indole diketopiperazine alkaloids (L-Trp, L-Trp)",Alkaloids|Amino acids and Peptides,CCMSLIB00000851819,,
Fatty Acid Conjugate,5711,Arg-C8:0,301.223,301.334,N/A,2.33018,N/A,N/A,Small peptides,Dipeptides,Amino acids and Peptides,CCMSLIB00010010633,,
Dipeptides,3309,Cyclo(proline-leucine),211.144,223.942,"Amino acids, peptides, and analogues",9.0334,Organic acids and derivatives,Carboxylic acids and derivatives,,,Amino acids and Peptides,CCMSLIB00005739602,,
Analogues,1661,D-PANTOTHENIC ACID,220.118,44.612,"Amino acids, peptides, and analogues",2.28759,Organic acids and derivatives,Carboxylic acids and derivatives,Small peptides,Dipeptides,Amino acids and Peptides,CCMSLIB00005884607,,
Analogues,1774,D-PANTOTHENIC ACID_1,220.118,64.433,"Amino acids, peptides, and analogues",0.901172,Organic acids and derivatives,Carboxylic acids and derivatives,Small peptides,Dipeptides,Amino acids and Peptides,CCMSLIB00005884607,,
Analogues,1824,D-PANTOTHENIC ACID_2,220.118,79.458,"Amino acids, peptides, and analogues",0.901172,Organic acids and derivatives,Carboxylic acids and derivatives,Small peptides,Dipeptides,Amino acids and Peptides,CCMSLIB00005884607,,
Analogues,1857,D-PANTOTHENIC ACID_3,220.118,108.009,"Amino acids, peptides, and analogues",0.901172,Organic acids and derivatives,Carboxylic acids and derivatives,Small peptides,Dipeptides,Amino acids and Peptides,CCMSLIB00005884607,,
Analogues,981,Fructoselysine,309.167,21.347,"Amino acids, peptides, and analogues",2.56644,Organic acids and derivatives,Carboxylic acids and derivatives,Aminosugars and aminoglycosides,Aminosugars,Carbohydrates,CCMSLIB00005720267,," D-Pantothenate is synthesized via four enzymes from ketoisovalerate, which is an intermediate of branched-chain amino acid synthesis"
Dipeptides,2282,Glutamylphenylalanine,295.129,176.312,"Amino acids, peptides, and analogues",1.65447,Organic acids and derivatives,Carboxylic acids and derivatives,Small peptides,Dipeptides,Amino acids and Peptides,CCMSLIB00005748136,,
Dipeptides,1163,Ile-Arg,288.197,22.633,"Amino acids, peptides, and analogues",21.1783,Organic acids and derivatives,Carboxylic acids and derivatives,Small peptides,Dipeptides,Amino acids and Peptides,CCMSLIB00003138103,,
Dipeptides,1744,Ile-Arg_1,288.203,58.753,"Amino acids, peptides, and analogues",0.635335,Organic acids and derivatives,Carboxylic acids and derivatives,Small peptides,Dipeptides,Amino acids and Peptides,CCMSLIB00003137762,,
Dipeptides,1611,Ile-Glu,261.148,40.577,"Amino acids, peptides, and analogues",11.5691,Organic acids and derivatives,Carboxylic acids and derivatives,Small peptides,Dipeptides,Amino acids and Peptides,CCMSLIB00003134776,,
Tripeptides,3625,Ile-Gly-Ile,302.207,233.983,"Amino acids, peptides, and analogues",0.706877,Organic acids and derivatives,Carboxylic acids and derivatives,Small peptides,Dipeptides|Tripeptides,Amino acids and Peptides,CCMSLIB00003139641,,
Tripeptides,1751,Ile-Ile-Arg,401.287,58.669,"Amino acids, peptides, and analogues",0.532345,Organic acids and derivatives,Carboxylic acids and derivatives,Small peptides,Dipeptides|Tripeptides,Amino acids and Peptides,CCMSLIB00003136812,,
Tripeptides,1578,Ile-Leu-Lys,187.144,40.427,"Amino acids, peptides, and analogues",2.69066,Organic acids and derivatives,Carboxylic acids and derivatives,Small peptides,Dipeptides|Tripeptides,Amino acids and Peptides,CCMSLIB00003138947,,
Tripeptides,1727,Ile-Leu-Lys_1,187.144,56.072,"Amino acids, peptides, and analogues",2.69066,Organic acids and derivatives,Carboxylic acids and derivatives,Small peptides,Dipeptides|Tripeptides,Amino acids and Peptides,CCMSLIB00003138947,,https://www.nature.com/articles/ncomms10062
Dipeptides,841,Ile-Lys,260.197,21.77,"Amino acids, peptides, and analogues",1.17286,Organic acids and derivatives,Carboxylic acids and derivatives,Small peptides,Dipeptides,Amino acids and Peptides,CCMSLIB00003137734,,
Dipeptides,1735,Ile-Lys_1,260.196,56.005,N/A,3.40132,N/A,N/A,N/A,N/A,N/A,CCMSLIB00003134804,,
Tripeptides,3978,Ile-Pro-Ile,342.239,242.581,"Amino acids, peptides, and analogues",0.802533,Organic acids and derivatives,Carboxylic acids and derivatives,Small peptides,Dipeptides,Amino acids and Peptides,CCMSLIB00003138553,,https://www.biorxiv.org/content/10.1101/2022.05.27.492351v1.full
Tripeptides,5243,Ile-Pro-Ile_1,342.239,282.692,"Amino acids, peptides, and analogues",0.891704,Organic acids and derivatives,Carboxylic acids and derivatives,Small peptides,Dipeptides,Amino acids and Peptides,CCMSLIB00003138553,,
Dipeptides,2133,Ile-Tyr,295.159,169.333,N/A,22.7466,N/A,N/A,N/A,N/A,N/A,CCMSLIB00003137975,,
Aminoacids,1884,L-Tryptophan,205.097,127.317,Indolyl carboxylic acids and derivatives,2.45513,Organoheterocyclic compounds,Indoles and derivatives,Small peptides,Aminoacids,Amino acids and Peptides|Shikimates and Phenylpropanoids,CCMSLIB00003137628,,
Aminoacids,1946,L-Tryptophan_1,205.097,141.27,Indolyl carboxylic acids and derivatives,2.45513,Organoheterocyclic compounds,Indoles and derivatives,Small peptides,Aminoacids,Amino acids and Peptides|Shikimates and Phenylpropanoids,CCMSLIB00003137628,,
Aminoacids,1960,L-Tryptophan_2,188.07,141.916,N/A,4.78688,N/A,N/A,N/A,N/A,N/A,CCMSLIB00003137060,,
Aminoacids,1862,L-Tryptophan_3,188.07,114.136,N/A,3.65101,N/A,N/A,N/A,N/A,N/A,CCMSLIB00003137060,,
Dipeptides,1917,L-Tryptophan_4,188.07,134.401,N/A,4.78688,N/A,N/A,N/A,N/A,N/A,CCMSLIB00003137060,,
Tripeptides,909,Leu-Glu-Lys,195.124,21.8,N/A,58.4158,N/A,N/A,N/A,N/A,N/A,CCMSLIB00003135338,,
Tripeptides,2624,Leu-Gly-Leu,302.21,196.768,"Amino acids, peptides, and analogues",5.25103,Organic acids and derivatives,Carboxylic acids and derivatives,Small peptides,Tripeptides,Amino acids and Peptides,CCMSLIB00003140175,,
Tripeptides,1745,Leu-Leu-Arg,201.149,58.701,N/A,7.9651,N/A,N/A,N/A,N/A,N/A,CCMSLIB00003138408,,
Tripeptides,1579,Leu-Leu-Arg_1,201.149,40.653,N/A,7.4341,N/A,N/A,N/A,N/A,N/A,CCMSLIB00003138408,,
Dipeptides,4039,Leu-Trp,318.181,243.674,"Amino acids, peptides, and analogues",1.5346,Organic acids and derivatives,Carboxylic acids and derivatives,Small peptides,Dipeptides,Amino acids and Peptides,CCMSLIB00003140055,,
Dipeptides,4288,Leu-Trp_1,318.181,253.666,"Amino acids, peptides, and analogues",1.91825,Organic acids and derivatives,Carboxylic acids and derivatives,Small peptides,Dipeptides,Amino acids and Peptides,CCMSLIB00003138895,,
Pentapeptide,4634,Leucine Enkephalin,336.192,265.11,N/A,0.63542,N/A,N/A,N/A,N/A,N/A,CCMSLIB00003137728,,
Fatty Acid Conjugate,13195,Lys-C16:0,385.342,553.727,"Amino acids, peptides, and analogues",8.55318,Organic acids and derivatives,Carboxylic acids and derivatives,Fatty amides,N-acyl amines,Fatty acids,CCMSLIB00010010756,,
Fatty Acid Conjugate,12970,Lys-C16:0_1,385.342,546.655,"Amino acids, peptides, and analogues",5.93971,Organic acids and derivatives,Carboxylic acids and derivatives,Fatty amides,N-acyl amines,Fatty acids,CCMSLIB00010010756,,https://www.ncbi.nlm.nih.gov/pmc/articles/PMC4767778/
Fatty Acid Conjugate,12874,Lys-C18:2,409.342,543.578,N/A,8.27536,N/A,N/A,Fatty amides,N-acyl amines,Fatty acids,CCMSLIB00010010952,,
Fatty Acid Conjugate,6847,Met-C6:0,248.131,336.598,N/A,3.99717,N/A,N/A,Small peptides,Dipeptides,Amino acids and Peptides,CCMSLIB00010010621,,
Fatty Acid Conjugate,7389,Met-C6:0_1,248.131,354.308,N/A,3.25923,N/A,N/A,Small peptides,Dipeptides,Amino acids and Peptides,CCMSLIB00010010621,,
Fatty Acid Conjugate,14319,N-Oleoyltaurine,390.268,580.278,N/A,2.34589,N/A,N/A,N/A,N/A,N/A,CCMSLIB00003136462,,
Analogues,890,N.alpha.-Acetyl-L-lysine,189.123,22.118,"Amino acids, peptides, and analogues",2.6625,Organic acids and derivatives,Carboxylic acids and derivatives,Small peptides,Dipeptides,Amino acids and Peptides,CCMSLIB00003139198,,
Dipeptides,3191,Phe-Leu,279.17,219.387,N/A,1.4211,N/A,N/A,N/A,N/A,N/A,CCMSLIB00003134713,,
Dipeptides,3919,Phe-Leu_1,279.17,240.095,N/A,2.07699,N/A,N/A,N/A,N/A,N/A,CCMSLIB00003134492,,
Dipeptides,4484,Phe-Phe,313.154,259.292,"Amino acids, peptides, and analogues",1.94905,Organic acids and derivatives,Carboxylic acids and derivatives,Small peptides,Dipeptides,Amino acids and Peptides,CCMSLIB00003138708,,
Dipeptides,1736,Ser-Leu,219.134,56.731,N/A,1.32301,N/A,N/A,N/A,N/A,N/A,CCMSLIB00003139616,,
Fatty Acid Conjugate,15158,Thr-C18:2,382.295,595.121,N/A,7.82308,N/A,N/A,Fatty amides,N-acyl amines,Fatty acids,CCMSLIB00010010958,,
Dipeptides,2403,Tyr-Leu,295.165,188.699,N/A,1.65427,N/A,N/A,N/A,N/A,N/A,CCMSLIB00003135895,,
Dipeptides,3212,Tyr-Phe,329.151,221.403,"Amino acids, peptides, and analogues",2.68877,Organic acids and derivatives,Carboxylic acids and derivatives,Small peptides,Dipeptides,Amino acids and Peptides,CCMSLIB00003138775,,
Aminoacids,1446,Tyrosine,182.081,33.905,"Amino acids, peptides, and analogues",1.17323,Organic acids and derivatives,Carboxylic acids and derivatives,Small peptides,Aminoacids,Amino acids and Peptides|Shikimates and Phenylpropanoids,CCMSLIB00005885094,,"Prior to their secretion into bile, bile acids are conjugated with the amino acids taurine or glycine (Hofmann et al. 2010). Conjugation substantially reduces the passive reabsorption of the molecule through biological membranes."
,,,,,,,,,,,,,,https://academic.oup.com/gbe/article/11/11/3256/5610528
