id,molecularFormula,adduct,NPC#superclass,NPC#class,ClassyFire#most specific class,ClassyFire#level 5,ClassyFire#subclass
1561_01102023_MZmine_trial_sirius_sirius_2948,C16H19N3O5,[M + H]+,Small peptides,Dipeptides,Dipeptides,Peptides,Amino acids
586_01102023_MZmine_trial_sirius_sirius_1698,C15H21N5O3,[M + H]+,Small peptides,Dipeptides,Dipeptides,Peptides,Amino acids
197_01102023_MZmine_trial_sirius_sirius_841,C12H25N3O3,[M + H]+,Small peptides,Dipeptides,Dipeptides,Peptides,Amino acids
783_01102023_MZmine_trial_sirius_sirius_1926,C12H23N5O2,[M + H]+,Small peptides,Dipeptides,Dipeptides,Peptides,Amino acids
588_01102023_MZmine_trial_sirius_sirius_1700,C12H21N5O4,[M + H]+,Small peptides,Dipeptides,Dipeptides,Peptides,Amino acids
1565_01102023_MZmine_trial_sirius_sirius_2954,C13H21BFN3O3,[M + H]+,Small peptides,Dipeptides,Dipeptides,Peptides,Amino acids
200_01102023_MZmine_trial_sirius_sirius_848,C11H23N3O3,[M + H]+,Small peptides,Dipeptides,Dipeptides,Peptides,Amino acids
1761_01102023_MZmine_trial_sirius_sirius_3244,C12H20N2O4,[M + H]+,Small peptides,Dipeptides,Dipeptides,Peptides,Amino acids
2768_01102023_MZmine_trial_sirius_sirius_4686,C15H24N2O4,[M + H]+,Small peptides,Dipeptides,Dipeptides,Peptides,Amino acids
1959_01102023_MZmine_trial_sirius_sirius_3523,C12H27N7O3S,[M + H]+,Small peptides,Dipeptides,Dipeptides,Peptides,Amino acids
1182_01102023_MZmine_trial_sirius_sirius_2420,C16H29N3O4,[M + H]+,Small peptides,Dipeptides,Dipeptides,Peptides,Amino acids
1574_01102023_MZmine_trial_sirius_sirius_2966,C11H25N9O3,[M + K]+,Small peptides,Dipeptides,Dipeptides,Peptides,Amino acids
2966_01102023_MZmine_trial_sirius_sirius_4956,C18H35N3O4,[M + H]+,Small peptides,Tripeptides,Dipeptides,Peptides,Amino acids
2578_01102023_MZmine_trial_sirius_sirius_4425,C26H33N3O6,[M + Na]+,Oligopeptides,Dipeptides,Dipeptides,Peptides,Amino acids
2579_01102023_MZmine_trial_sirius_sirius_4426,C12H27N3O6S,[M + H]+,Small peptides,Tripeptides,Dipeptides,Peptides,Amino acids
1586_01102023_MZmine_trial_sirius_sirius_2981,C16H27N3O6,[M + H]+,Small peptides,Dipeptides,Dipeptides,Peptides,Amino acids
1203_01102023_MZmine_trial_sirius_sirius_2449,C14H20N2O3,[M + H]+,Small peptides,Dipeptides,Dipeptides,Peptides,Amino acids
1783_01102023_MZmine_trial_sirius_sirius_3275,C13H23N5O3,[M + H]+,Small peptides,Dipeptides,Dipeptides,Peptides,Amino acids
618_01102023_MZmine_trial_sirius_sirius_1735,C12H25N3O3,[M + H]+,Small peptides,Dipeptides,Dipeptides,Peptides,Amino acids
619_01102023_MZmine_trial_sirius_sirius_1736,C9H18N2O4,[M + H]+,Small peptides,Dipeptides,Dipeptides,Peptides,Amino acids
620_01102023_MZmine_trial_sirius_sirius_1737,C11H22N2O3,[M + H]+,Small peptides,Dipeptides,Dipeptides,Peptides,Amino acids
424_01102023_MZmine_trial_sirius_sirius_1485,C10H18N2O5,[M + H]+,Small peptides,Dipeptides,Dipeptides,Peptides,Amino acids
817_01102023_MZmine_trial_sirius_sirius_1972,C22H24N4O4,[M + H]+,Small peptides,Dipeptides,Dipeptides,Peptides,Amino acids
818_01102023_MZmine_trial_sirius_sirius_1973,C22H24N4O4,[M + Na]+,Small peptides,Dipeptides,Dipeptides,Peptides,Amino acids
627_01102023_MZmine_trial_sirius_sirius_1744,C12H25N5O3,[M + H]+,Small peptides,Dipeptides,Dipeptides,Peptides,Amino acids
2403_01102023_MZmine_trial_sirius_sirius_4186,C19H27N3O4,[M + Na]+,Small peptides,Dipeptides,Dipeptides,Peptides,Amino acids
233_01102023_MZmine_trial_sirius_sirius_953,C13H23N5O5,[M + H]+,Small peptides,Dipeptides,Dipeptides,Peptides,Amino acids
1219_01102023_MZmine_trial_sirius_sirius_2465,C13H26N2O3S,[M + H]+,Small peptides,Dipeptides,Dipeptides,Peptides,Amino acids
1406_01102023_MZmine_trial_sirius_sirius_2732,C15H24N2O6,[M + H]+,Small peptides,Dipeptides,Dipeptides,Peptides,Amino acids
2045_01102023_MZmine_trial_sirius_sirius_3637,C13H22N2O4,[M + H]+,Small peptides,Dipeptides,Dipeptides,Peptides,Amino acids
238_01102023_MZmine_trial_sirius_sirius_962,C9H18N2O4,[M + H]+,Small peptides,Dipeptides,Dipeptides,Peptides,Amino acids
242_01102023_MZmine_trial_sirius_sirius_974,C10H18N2O5,[M + H]+,Small peptides,Dipeptides,Dipeptides,Peptides,Amino acids
1846_01102023_MZmine_trial_sirius_sirius_3354,C16H27N3O5,[M + H]+,Small peptides,Dipeptides,Dipeptides,Peptides,Amino acids
2051_01102023_MZmine_trial_sirius_sirius_3644,C16H33N5O2S,[M + Na]+,Small peptides,Tripeptides,Dipeptides,Peptides,Amino acids
2215_01102023_MZmine_trial_sirius_sirius_3919,C15H22N2O3,[M + H]+,Small peptides,Dipeptides,Dipeptides,Peptides,Amino acids
641_01102023_MZmine_trial_sirius_sirius_1760,C9H18N2O3,[M + H]+,Small peptides,Dipeptides,Dipeptides,Peptides,Amino acids
644_01102023_MZmine_trial_sirius_sirius_1764,C17H24N6O3,[M + H]+,Small peptides,Dipeptides,Dipeptides,Peptides,Amino acids
1614_01102023_MZmine_trial_sirius_sirius_3029,C16H21N3O3,[M + H]+,Small peptides,Dipeptides,Dipeptides,Peptides,Amino acids
2423_01102023_MZmine_trial_sirius_sirius_4209,C19H27N3O4,[M + H]+,Small peptides,Dipeptides,Dipeptides,Peptides,Amino acids
1035_01102023_MZmine_trial_sirius_sirius_2252,C15H27N3O4,[M + H]+,Small peptides,Dipeptides,Dipeptides,Peptides,Amino acids
651_01102023_MZmine_trial_sirius_sirius_1771,C11H21N3O4,[M + H]+,Small peptides,Dipeptides,Dipeptides,Peptides,Amino acids
1858_01102023_MZmine_trial_sirius_sirius_3371,C14H22N2O6S,[M + H]+,Small peptides,Dipeptides,Dipeptides,Peptides,Amino acids
1432_01102023_MZmine_trial_sirius_sirius_2762,C14H18N2O3,[M + H]+,Small peptides,Dipeptides,Dipeptides,Peptides,Amino acids
2623_01102023_MZmine_trial_sirius_sirius_4484,C13H20BN4O3,[M + Na]+,Small peptides,Dipeptides,Dipeptides,Peptides,Amino acids
1042_01102023_MZmine_trial_sirius_sirius_2259,C12H24N2O3,[M + H]+,Small peptides,Dipeptides,Dipeptides,Peptides,Amino acids
844_01102023_MZmine_trial_sirius_sirius_2009,C17H23N3O4,[M + H]+,Small peptides,Dipeptides,Dipeptides,Peptides,Amino acids
660_01102023_MZmine_trial_sirius_sirius_1780,C13H20F2N4O3,[M + H]+,Small peptides,Dipeptides,Dipeptides,Peptides,Amino acids
1255_01102023_MZmine_trial_sirius_sirius_2510,C12H24N2O3,[M + H]+,Small peptides,Dipeptides,Dipeptides,Peptides,Amino acids
850_01102023_MZmine_trial_sirius_sirius_2017,C11H20N2O3,[M + H]+,Small peptides,Dipeptides,Dipeptides,Peptides,Amino acids
466_01102023_MZmine_trial_sirius_sirius_1544,C11H21N3O4,[M + H]+,Small peptides,Dipeptides,Dipeptides,Peptides,Amino acids
662_01102023_MZmine_trial_sirius_sirius_1783,C8H16N2O3,[M + H]+,Small peptides,Dipeptides,Dipeptides,Peptides,Amino acids
663_01102023_MZmine_trial_sirius_sirius_1784,C10H20N2O4,[M + H]+,Small peptides,Dipeptides,Dipeptides,Peptides,Amino acids
1873_01102023_MZmine_trial_sirius_sirius_3390,C15H22N2O3,[M + H]+,Small peptides,Dipeptides,Dipeptides,Peptides,Amino acids
668_01102023_MZmine_trial_sirius_sirius_1790,C13H23N5O4,[M + Na]+,Small peptides,Dipeptides,Dipeptides,Peptides,Amino acids
476_01102023_MZmine_trial_sirius_sirius_1557,C10H20N2O4,[M + H]+,Small peptides,Dipeptides,Dipeptides,Peptides,Amino acids
2644_01102023_MZmine_trial_sirius_sirius_4511,C23H37FN2O4,[M + H]+,Small peptides,Cyclic peptides,Dipeptides,Peptides,Amino acids
487_01102023_MZmine_trial_sirius_sirius_1572,C11H23N3O4S,[M + Na]+,Small peptides,Dipeptides,Dipeptides,Peptides,Amino acids
1885_01102023_MZmine_trial_sirius_sirius_3405,C19H27N3O4,[M + H]+,Small peptides,Dipeptides,Dipeptides,Peptides,Amino acids
687_01102023_MZmine_trial_sirius_sirius_1816,C13H23N5O4,[M + H]+,Small peptides,Dipeptides,Dipeptides,Peptides,Amino acids
2096_01102023_MZmine_trial_sirius_sirius_3705,C17H33N3O4,[M + H]+,Small peptides,Tripeptides,Dipeptides,Peptides,Amino acids
3037_01102023_MZmine_trial_sirius_sirius_5054,C30H22Br2N4O3,[M + H]+,Tryptophan alkaloids,Quinazoline alkaloids,Dipeptides,Peptides,Amino acids
289_01102023_MZmine_trial_sirius_sirius_1163,C12H25N5O3,[M + H]+,Small peptides,Dipeptides,Dipeptides,Peptides,Amino acids
688_01102023_MZmine_trial_sirius_sirius_1818,C9H18N2O3,[M + H]+,Small peptides,Dipeptides,Dipeptides,Peptides,Amino acids
494_01102023_MZmine_trial_sirius_sirius_1580,C14H25N3O5,[M + H]+,Small peptides,Dipeptides,Dipeptides,Peptides,Amino acids
2103_01102023_MZmine_trial_sirius_sirius_3720,C24H44N4O4,[M + H]+,Small peptides,Tripeptides,Dipeptides,Peptides,Amino acids
1089_01102023_MZmine_trial_sirius_sirius_2318,C14H20N2O3,[M + H]+,Small peptides,Dipeptides,Dipeptides,Peptides,Amino acids
300_01102023_MZmine_trial_sirius_sirius_1222,C10H20N2O4,[M + H]+,Small peptides,Dipeptides,Dipeptides,Peptides,Amino acids
2107_01102023_MZmine_trial_sirius_sirius_3727,C19H27N3O4,[M + H]+,Small peptides,Dipeptides,Dipeptides,Peptides,Amino acids
2680_01102023_MZmine_trial_sirius_sirius_4557,C17H29F3N4O4,[M + H]+,Small peptides,Tripeptides,Dipeptides,Peptides,Amino acids
507_01102023_MZmine_trial_sirius_sirius_1597,C15H23N5O3,[M + H]+,Small peptides,Dipeptides,Dipeptides,Peptides,Amino acids
1478_01102023_MZmine_trial_sirius_sirius_2819,C12H24N2O3,[M + H]+,Small peptides,Dipeptides,Dipeptides,Peptides,Amino acids
2683_01102023_MZmine_trial_sirius_sirius_4560,C17H35N5O3,[M + H]+,Small peptides,Tripeptides,Dipeptides,Peptides,Amino acids
514_01102023_MZmine_trial_sirius_sirius_1611,C11H20N2O5,[M + H]+,Small peptides,Dipeptides,Dipeptides,Peptides,Amino acids
311_01102023_MZmine_trial_sirius_sirius_1282,C12H20N4O3,[M + H]+,Small peptides,Dipeptides,Dipeptides,Peptides,Amino acids
895_01102023_MZmine_trial_sirius_sirius_2067,C13H19BN4O3,[M + H]+,Small peptides,Dipeptides,Dipeptides,Peptides,Amino acids
3061_01102023_MZmine_trial_sirius_sirius_5090,C10H16N2O3,[M + H]+,Small peptides,Dipeptides,Dipeptides,Peptides,Amino acids
1697_01102023_MZmine_trial_sirius_sirius_3149,C15H23BN4O3,[M + H]+,Small peptides,Dipeptides,Dipeptides,Peptides,Amino acids
1307_01102023_MZmine_trial_sirius_sirius_2580,C12H24N4O3,[M + H]+,Small peptides,Dipeptides,Dipeptides,Peptides,Amino acids
141_01102023_MZmine_trial_sirius_sirius_662,C9H19N3O3,[M + H]+,Small peptides,Dipeptides,Dipeptides,Peptides,Amino acids
2485_01102023_MZmine_trial_sirius_sirius_4288,C17H23N3O3,[M + H]+,Small peptides,Dipeptides,Dipeptides,Peptides,Amino acids
1310_01102023_MZmine_trial_sirius_sirius_2583,C12H28N5O5P,[M + H]+,Small peptides,Dipeptides,Dipeptides,Peptides,Amino acids
525_01102023_MZmine_trial_sirius_sirius_1624,C13H23N5O4,[M + H]+,Small peptides,Dipeptides,Dipeptides,Peptides,Amino acids
145_01102023_MZmine_trial_sirius_sirius_672,C14H25N3O5,[M + H]+,Small peptides,Dipeptides,Dipeptides,Peptides,Amino acids
721_01102023_MZmine_trial_sirius_sirius_1854,C11H22N2O3,[M + H]+,Small peptides,Dipeptides,Dipeptides,Peptides,Amino acids
1506_01102023_MZmine_trial_sirius_sirius_2862,C15H25N3O5,[M + H]+,Small peptides,Dipeptides,Dipeptides,Peptides,Amino acids
2494_01102023_MZmine_trial_sirius_sirius_4301,C17H35N5O3,[M + H]+,Small peptides,Tripeptides,Dipeptides,Peptides,Amino acids
531_01102023_MZmine_trial_sirius_sirius_1631,C9H18N2O3,[M + H]+,Small peptides,Dipeptides,Dipeptides,Peptides,Amino acids
152_01102023_MZmine_trial_sirius_sirius_704,C12H27N5O5,[M + Na]+,Small peptides,Aminoacids,Dipeptides,Peptides,Amino acids
1120_01102023_MZmine_trial_sirius_sirius_2355,C11H19FN2O4,[M + H]+,Small peptides,Dipeptides,Dipeptides,Peptides,Amino acids
1510_01102023_MZmine_trial_sirius_sirius_2870,C15H25N3O5,[M + Na]+,Small peptides,Dipeptides,Dipeptides,Peptides,Amino acids
1711_01102023_MZmine_trial_sirius_sirius_3172,C16H33N5O3,[M + H]+,Small peptides,Tripeptides,Dipeptides,Peptides,Amino acids
1721_01102023_MZmine_trial_sirius_sirius_3189,C21H34N2O4,[M + K]+,Small peptides,Dipeptides,Dipeptides,Peptides,Amino acids
2524_01102023_MZmine_trial_sirius_sirius_4341,C24H44N4O4,[M + H]+,Small peptides,Tripeptides,Dipeptides,Peptides,Amino acids
547_01102023_MZmine_trial_sirius_sirius_1654,C14H26N4O5,[M + H]+,Small peptides,Dipeptides,Dipeptides,Peptides,Amino acids
1722_01102023_MZmine_trial_sirius_sirius_3191,C12H26N2O3S,[M + H]+,Small peptides,Dipeptides,Dipeptides,Peptides,Amino acids
1341_01102023_MZmine_trial_sirius_sirius_2631,C14H24N2O5,[M + H]+,Small peptides,Dipeptides,Dipeptides,Peptides,Amino acids
938_01102023_MZmine_trial_sirius_sirius_2116,C14H18N2O3,[M + H]+,Small peptides,Dipeptides,Dipeptides,Peptides,Amino acids
1737_01102023_MZmine_trial_sirius_sirius_3207,C15H25N3O5,[M + H]+,Small peptides,Dipeptides,Dipeptides,Peptides,Amino acids
3525_01102023_MZmine_trial_sirius_sirius_5739,C18H31N3O5,[M + H]+,Small peptides,Dipeptides,Dipeptides,Peptides,Amino acids
567_01102023_MZmine_trial_sirius_sirius_1677,C9H18N2O4,[M + Na]+,Small peptides,Dipeptides,Dipeptides,Peptides,Amino acids
954_01102023_MZmine_trial_sirius_sirius_2133,C15H22N2O4,[M + H]+,Small peptides,Dipeptides,Dipeptides,Peptides,Amino acids
4492_01102023_MZmine_trial_sirius_sirius_7146,C16H28N2O4,[M + H]+,Small peptides,Dipeptides,Dipeptides,Peptides,Amino acids
1746_01102023_MZmine_trial_sirius_sirius_3222,C11H22N6O4,[M + H]+,Small peptides,Dipeptides,Dipeptides,Peptides,Amino acids
1755_01102023_MZmine_trial_sirius_sirius_3237,C16H29N3O4,[M + H]+,Small peptides,Dipeptides,Dipeptides,Peptides,Amino acids
3746_01102023_MZmine_trial_sirius_sirius_6055,C22H16BrI2N3O5,[M + H]+,Small peptides,Tripeptides,Dipeptides,Peptides,Amino acids
3175_01102023_MZmine_trial_sirius_sirius_5243,C17H31N3O4,[M + H]+,Small peptides,Dipeptides,Dipeptides,Peptides,Amino acids
3554_01102023_MZmine_trial_sirius_sirius_5777,C16H26N2O4,[M + H]+,Small peptides,Dipeptides,Dipeptides,Peptides,Amino acids
5278_01102023_MZmine_trial_sirius_sirius_8314,C16H14N2O4S,[M + H]+,Small peptides,Dipeptides,Dipeptides,Peptides,Amino acids
4147_01102023_MZmine_trial_sirius_sirius_6631,C25H45FN4O3,[M + Na]+,Small peptides,Tripeptides,Dipeptides,Peptides,Amino acids
4148_01102023_MZmine_trial_sirius_sirius_6632,C18H23N9O3,[M + H]+,Small peptides,Tripeptides,Dipeptides,Peptides,Amino acids
4152_01102023_MZmine_trial_sirius_sirius_6637,C20H39N3O4,[M + H]+,Small peptides,Tripeptides,Dipeptides,Peptides,Amino acids
3205_01102023_MZmine_trial_sirius_sirius_5283,C14H21BN4O6,[M + H]+,Small peptides,Dipeptides,Dipeptides,Peptides,Amino acids
3789_01102023_MZmine_trial_sirius_sirius_6112,C16H26N2O4,[M + H]+,Small peptides,Dipeptides,Dipeptides,Peptides,Amino acids
6111_01102023_MZmine_trial_sirius_sirius_9941,C27H35N3O5,[M + H]+,Small peptides,Tripeptides,Dipeptides,Peptides,Amino acids
4755_01102023_MZmine_trial_sirius_sirius_7537,C21H35N3O5,[M + H]+,Small peptides,Tripeptides,Dipeptides,Peptides,Amino acids
4769_01102023_MZmine_trial_sirius_sirius_7554,C27H48N2O7,[M + H]+,Linear polyketides,Open-chain polyketides,Dipeptides,Peptides,Amino acids
4051_01102023_MZmine_trial_sirius_sirius_6481,C16H18Br2N8O3,[M + H]+,Small peptides,Dipeptides,Dipeptides,Peptides,Amino acids
3829_01102023_MZmine_trial_sirius_sirius_6173,C18H31N3O5,[M + H]+,Small peptides,Dipeptides,Dipeptides,Peptides,Amino acids
4596_01102023_MZmine_trial_sirius_sirius_7299,C24H33N3O5S,[M + H]+,Small peptides,Tripeptides,Dipeptides,Peptides,Amino acids
5185_01102023_MZmine_trial_sirius_sirius_8165,C23H40N2O7S,[M + H]+,Eicosanoids,Hepoxilins,Dipeptides,Peptides,Amino acids
3308_01102023_MZmine_trial_sirius_sirius_5429,C21H35N3O7,[M + Na]+,Small peptides,Tripeptides,Dipeptides,Peptides,Amino acids
5786_01102023_MZmine_trial_sirius_sirius_9277,C23H36N2O9,[M + Na]+,Small peptides,Dipeptides,Dipeptides,Peptides,Amino acids
3679_01102023_MZmine_trial_sirius_sirius_5962,C25H42N6O5,[M + H]+,Small peptides,Tripeptides,Dipeptides,Peptides,Amino acids
5628_01102023_MZmine_trial_sirius_sirius_8949,C26H39N3O6,[M + Na]+,Small peptides,Dipeptides,Dipeptides,Peptides,Amino acids
3505_01102023_MZmine_trial_sirius_sirius_5710,C16H22BN5O6,[M + H]+,Small peptides,Tripeptides,Dipeptides,Peptides,Amino acids
5256_01102023_MZmine_trial_sirius_sirius_8275,C20H42N4O8,[M + K]+,Small peptides,Aminoglycosides,Dipeptides,Peptides,Amino acids
8388_01102023_MZmine_trial_sirius_sirius_13570,C22H42N2O6,[M + H]+,Fatty amides,N-acyl amines,Dipeptides,Peptides,Amino acids
8012_01102023_MZmine_trial_sirius_sirius_12934,C27H42N2O5S,[M + H]+,Eicosanoids,Leukotrienes,Dipeptides,Peptides,Amino acids
9264_01102023_MZmine_trial_sirius_sirius_15194,C30H49N5O9,[M + Na]+,Oligopeptides,Linear peptides,Dipeptides,Peptides,Amino acids
9118_01102023_MZmine_trial_sirius_sirius_14914,C15H30N2O5,[M + Na]+,Small peptides,Dipeptides,Dipeptides,Peptides,Amino acids
9141_01102023_MZmine_trial_sirius_sirius_14951,C21H46N10O3,[M + K]+,Small peptides,Polyamines,Dipeptides,Peptides,Amino acids
9350_01102023_MZmine_trial_sirius_sirius_15374,C18H34N2O7,[M + Na]+,Small peptides,N-acyl amines,Dipeptides,Peptides,Amino acids
9_01102023_MZmine_trial_sirius_sirius_164,C13H23N5O3,[M + H]+,Small peptides,Dipeptides,Hybrid peptides,,Hybrid peptides
2383_01102023_MZmine_trial_sirius_sirius_4155,C23H33FN2O6,[M + Na]+,Small peptides,Dipeptides,Hybrid peptides,,Hybrid peptides
2004_01102023_MZmine_trial_sirius_sirius_3586,C22H34N8O9,[M + Na]+,Small peptides,Tripeptides,Hybrid peptides,,Hybrid peptides
1426_01102023_MZmine_trial_sirius_sirius_2756,C22H46N6O8S,[M + H]+,Fatty amides,N-acyl amines,Hybrid peptides,,Hybrid peptides
1072_01102023_MZmine_trial_sirius_sirius_2296,C16H28N2O8,[M + H]+,Small peptides,Dipeptides,Hybrid peptides,,Hybrid peptides
1720_01102023_MZmine_trial_sirius_sirius_3188,C13H22N2O4,[M + H]+,Small peptides,Dipeptides,Hybrid peptides,,Hybrid peptides
2144_01102023_MZmine_trial_sirius_sirius_3798,C28H37F2N5O6,[M + Na]+,Small peptides,Tripeptides,Hybrid peptides,,Hybrid peptides
4994_01102023_MZmine_trial_sirius_sirius_7866,C20H33F2N3O7,[M + H]+,Small peptides,Tripeptides,Hybrid peptides,,Hybrid peptides
4246_01102023_MZmine_trial_sirius_sirius_6781,C33H39FN6O8,[M + Na]+,Small peptides,Tripeptides,Hybrid peptides,,Hybrid peptides
7678_01102023_MZmine_trial_sirius_sirius_12338,C35H53FN6O10,[M + Na]+,Oligopeptides,Depsipeptides,Hybrid peptides,,Hybrid peptides
8047_01102023_MZmine_trial_sirius_sirius_12992,C28H42F2N4O7,[M + H]+,Small peptides,Tripeptides,Hybrid peptides,,Hybrid peptides
6819_01102023_MZmine_trial_sirius_sirius_11053,C26H42F2N6O10,[M + H]+,Nucleosides,Pyrimidine nucleos(t)ides,Hybrid peptides,,Hybrid peptides
1756_01102023_MZmine_trial_sirius_sirius_3238,C24H34N4O6,[M + H]+,Small peptides,Tripeptides,Oligopeptides,Peptides,Amino acids
1367_01102023_MZmine_trial_sirius_sirius_2673,C29H47N7O8,[M + H]+,Oligopeptides,Linear peptides,Oligopeptides,Peptides,Amino acids
2148_01102023_MZmine_trial_sirius_sirius_3804,C40H38N10O10,[M + H]+,Oligopeptides,Linear peptides,Oligopeptides,Peptides,Amino acids
1566_01102023_MZmine_trial_sirius_sirius_2956,C30H51N7O15,[M + H]+,Small peptides,Tripeptides,Oligopeptides,Peptides,Amino acids
2152_01102023_MZmine_trial_sirius_sirius_3810,C21H37N5O8S,[M + H]+,Small peptides,Tripeptides,Oligopeptides,Peptides,Amino acids
1178_01102023_MZmine_trial_sirius_sirius_2416,C20H34N6O8,[M + H]+,Small peptides,Tripeptides,Oligopeptides,Peptides,Amino acids
1958_01102023_MZmine_trial_sirius_sirius_3522,C18H32N4O7,[M + H]+,Small peptides,Tripeptides,Oligopeptides,Peptides,Amino acids
1377_01102023_MZmine_trial_sirius_sirius_2693,C31H42N4O5,[M + H]+,Small peptides,Tripeptides,Oligopeptides,Peptides,Amino acids
207_01102023_MZmine_trial_sirius_sirius_873,C15H26N4O5,[M + H]+,Small peptides,Dipeptides,Oligopeptides,Peptides,Amino acids
1961_01102023_MZmine_trial_sirius_sirius_3525,C17H35N3O7,[M + H]+,Small peptides,Tripeptides,Oligopeptides,Peptides,Amino acids
2961_01102023_MZmine_trial_sirius_sirius_4949,C16H19Br2N5O6,[M + H]+,Small peptides,Tripeptides,Oligopeptides,Peptides,Amino acids
1184_01102023_MZmine_trial_sirius_sirius_2422,C20H29N5O5,[M + Na]+,Small peptides,Tripeptides,Oligopeptides,Peptides,Amino acids
405_01102023_MZmine_trial_sirius_sirius_1455,C28H39N5O9S2,[M + H]+,Small peptides,Tripeptides,Oligopeptides,Peptides,Amino acids
1771_01102023_MZmine_trial_sirius_sirius_3257,C18H27N3O5,[M + H]+,Small peptides,Tripeptides,Oligopeptides,Peptides,Amino acids
2575_01102023_MZmine_trial_sirius_sirius_4422,C24H45N5O12,[M + H]+,Small peptides,Tripeptides,Oligopeptides,Peptides,Amino acids
604_01102023_MZmine_trial_sirius_sirius_1718,C16H23N5O5,[M + H]+,Small peptides,Dipeptides,Oligopeptides,Peptides,Amino acids
2577_01102023_MZmine_trial_sirius_sirius_4424,C19H36N4O5,[M + H]+,Small peptides,Tripeptides,Oligopeptides,Peptides,Amino acids
1774_01102023_MZmine_trial_sirius_sirius_3261,C19H26N4O6S,[M + H]+,Small peptides,Tripeptides,Oligopeptides,Peptides,Amino acids
1968_01102023_MZmine_trial_sirius_sirius_3535,C22H30N10O3,[M + H]+,Small peptides,Tripeptides,Oligopeptides,Peptides,Amino acids
2387_01102023_MZmine_trial_sirius_sirius_4160,C16H25N3O5,[M + H]+,Small peptides,Dipeptides,Oligopeptides,Peptides,Amino acids
803_01102023_MZmine_trial_sirius_sirius_1950,C12H23N3O4,[M + H]+,Small peptides,Tripeptides,Oligopeptides,Peptides,Amino acids
2389_01102023_MZmine_trial_sirius_sirius_4164,C26H38N4O7,[M + H]+,Small peptides,Tripeptides,Oligopeptides,Peptides,Amino acids
1196_01102023_MZmine_trial_sirius_sirius_2441,C20H38N8O6,[M + Na]+,Small peptides,Tripeptides,Oligopeptides,Peptides,Amino acids
2170_01102023_MZmine_trial_sirius_sirius_3844,C23H27N3O5,[M + H]+,Small peptides,Tripeptides,Oligopeptides,Peptides,Amino acids
2583_01102023_MZmine_trial_sirius_sirius_4430,C22H30N4O5,[M + H]+,Small peptides,Tripeptides,Oligopeptides,Peptides,Amino acids
2171_01102023_MZmine_trial_sirius_sirius_3846,C6H12BN3O6,[M + H]+,Small peptides,Tripeptides,Oligopeptides,Peptides,Amino acids
1206_01102023_MZmine_trial_sirius_sirius_2452,C12H25N11O6,[M + H]+,Small peptides,Tripeptides,Oligopeptides,Peptides,Amino acids
1589_01102023_MZmine_trial_sirius_sirius_2985,C21H33FN6O4,[M + H]+,Small peptides,Tripeptides,Oligopeptides,Peptides,Amino acids
1001_01102023_MZmine_trial_sirius_sirius_2213,C22H37N5O11,[M + H]+,Small peptides,Tripeptides,Oligopeptides,Peptides,Amino acids
222_01102023_MZmine_trial_sirius_sirius_923,C14H28N4O4,[M + H]+,Small peptides,Tripeptides,Oligopeptides,Peptides,Amino acids
1207_01102023_MZmine_trial_sirius_sirius_2453,C16H26N4O5,[M + H]+,Small peptides,Tripeptides,Oligopeptides,Peptides,Amino acids
2394_01102023_MZmine_trial_sirius_sirius_4175,C22H30N4O5,[M + H]+,Small peptides,Tripeptides,Oligopeptides,Peptides,Amino acids
1591_01102023_MZmine_trial_sirius_sirius_2987,C15H26N4O5,[M + H]+,Small peptides,Dipeptides,Oligopeptides,Peptides,Amino acids
2395_01102023_MZmine_trial_sirius_sirius_4176,C16H30N4O3S,[M + H]+,Small peptides,Tripeptides,Oligopeptides,Peptides,Amino acids
1210_01102023_MZmine_trial_sirius_sirius_2456,C18H30N4O8,[M + H]+,Small peptides,Tripeptides,Oligopeptides,Peptides,Amino acids
1594_01102023_MZmine_trial_sirius_sirius_2997,C34H50N10O9,[M + H]+,Small peptides,Tripeptides,Oligopeptides,Peptides,Amino acids
2595_01102023_MZmine_trial_sirius_sirius_4447,C23H35N5O7,[M + H]+,Small peptides,Tripeptides,Oligopeptides,Peptides,Amino acids
1595_01102023_MZmine_trial_sirius_sirius_2999,C34H44N6O5,[M + H]+,Oligopeptides,Cyclic peptides,Oligopeptides,Peptides,Amino acids
1793_01102023_MZmine_trial_sirius_sirius_3288,C32H54N8O14S,[M + H]+,Small peptides,Tripeptides,Oligopeptides,Peptides,Amino acids
2795_01102023_MZmine_trial_sirius_sirius_4722,C24H25N7O12S3,[M + K]+,Small peptides,Tripeptides,Oligopeptides,Peptides,Amino acids
2036_01102023_MZmine_trial_sirius_sirius_3627,C16H30N4O5,[M + H]+,Small peptides,Tripeptides,Oligopeptides,Peptides,Amino acids
2797_01102023_MZmine_trial_sirius_sirius_4726,C15H23N9O3,[M + H]+,Small peptides,Tripeptides,Oligopeptides,Peptides,Amino acids
2037_01102023_MZmine_trial_sirius_sirius_3629,C19H25N3O4,[M + H]+,Small peptides,Tripeptides,Oligopeptides,Peptides,Amino acids
1795_01102023_MZmine_trial_sirius_sirius_3290,C39H56N8O11,[M + H]+,Oligopeptides,Linear peptides,Oligopeptides,Peptides,Amino acids
2202_01102023_MZmine_trial_sirius_sirius_3904,C16H31N3O5,[M + H]+,Small peptides,Tripeptides,Oligopeptides,Peptides,Amino acids
2798_01102023_MZmine_trial_sirius_sirius_4727,C28H41N5O7,[M + H]+,Oligopeptides,Cyclic peptides,Oligopeptides,Peptides,Amino acids
2039_01102023_MZmine_trial_sirius_sirius_3631,C23H43N5O7,[M + H]+,Small peptides,Tripeptides,Oligopeptides,Peptides,Amino acids
822_01102023_MZmine_trial_sirius_sirius_1978,C17H29N5O6,[M + Na]+,Small peptides,Tripeptides,Oligopeptides,Peptides,Amino acids
1014_01102023_MZmine_trial_sirius_sirius_2231,C18H27N5O4,[M + Na]+,Small peptides,Dipeptides,Oligopeptides,Peptides,Amino acids
2206_01102023_MZmine_trial_sirius_sirius_3909,C26H39N11O6,[M + H]+,Small peptides,Tripeptides,Oligopeptides,Peptides,Amino acids
2802_01102023_MZmine_trial_sirius_sirius_4732,C19H34N4O5,[M + H]+,Small peptides,Tripeptides,Oligopeptides,Peptides,Amino acids
1224_01102023_MZmine_trial_sirius_sirius_2470,C17H27N5O5,[M + H]+,Small peptides,Tripeptides,Oligopeptides,Peptides,Amino acids
633_01102023_MZmine_trial_sirius_sirius_1751,C18H36N6O4,[M + H]+,Small peptides,Dipeptides,Oligopeptides,Peptides,Amino acids
1226_01102023_MZmine_trial_sirius_sirius_2472,C18H30N4O7,[M + H]+,Small peptides,Tripeptides,Oligopeptides,Peptides,Amino acids
634_01102023_MZmine_trial_sirius_sirius_1752,C13H25N3O6,[M + H]+,Small peptides,Tripeptides,Oligopeptides,Peptides,Amino acids
2208_01102023_MZmine_trial_sirius_sirius_3912,C26H40N6O8,[M + H]+,Small peptides,Tripeptides,Oligopeptides,Peptides,Amino acids
2804_01102023_MZmine_trial_sirius_sirius_4736,C23H31N5O8,[M + Na]+,Small peptides,Tripeptides,Oligopeptides,Peptides,Amino acids
2410_01102023_MZmine_trial_sirius_sirius_4195,C21H36N4O7,[M + H]+,Small peptides,Tripeptides,Oligopeptides,Peptides,Amino acids
1606_01102023_MZmine_trial_sirius_sirius_3012,C31H40N4O7,[M + H]+,Small peptides,Tripeptides,Oligopeptides,Peptides,Amino acids
2992_01102023_MZmine_trial_sirius_sirius_4995,C20H29N3O4,[M + H]+,Small peptides,Dipeptides,Oligopeptides,Peptides,Amino acids
2607_01102023_MZmine_trial_sirius_sirius_4463,C20H30N4O6,[M + H]+,Small peptides,Tripeptides,Oligopeptides,Peptides,Amino acids
1412_01102023_MZmine_trial_sirius_sirius_2738,C19H27N7O5,[M + H]+,Small peptides,Tripeptides,Oligopeptides,Peptides,Amino acids
2810_01102023_MZmine_trial_sirius_sirius_4744,C19H23BrN4O7S2,[M + K]+,Small peptides,Cyclic peptides,Oligopeptides,Peptides,Amino acids
1023_01102023_MZmine_trial_sirius_sirius_2240,C22H38N6O8,[M + H]+,Small peptides,Tripeptides,Oligopeptides,Peptides,Amino acids
2609_01102023_MZmine_trial_sirius_sirius_4466,C24H36N4O6,[M + H]+,Small peptides,Tripeptides,Oligopeptides,Peptides,Amino acids
1024_01102023_MZmine_trial_sirius_sirius_2241,C25H43N7O8,[M + H]+,Small peptides,Tripeptides,Oligopeptides,Peptides,Amino acids
2812_01102023_MZmine_trial_sirius_sirius_4746,C27H40N4O8,[M + H]+,Small peptides,Tripeptides,Oligopeptides,Peptides,Amino acids
2612_01102023_MZmine_trial_sirius_sirius_4471,C16H34N12O6,[M + H]+,Small peptides,Tripeptides,Oligopeptides,Peptides,Amino acids
2054_01102023_MZmine_trial_sirius_sirius_3647,C25H39N3O10,[M + H]+,Small peptides,Tripeptides,Oligopeptides,Peptides,Amino acids
2613_01102023_MZmine_trial_sirius_sirius_4473,C32H57N9O7,[M + H]+,Oligopeptides,Cyclic peptides,Oligopeptides,Peptides,Amino acids
1850_01102023_MZmine_trial_sirius_sirius_3359,C24H36N6O6,[M + H]+,Small peptides,Tripeptides,Oligopeptides,Peptides,Amino acids
1419_01102023_MZmine_trial_sirius_sirius_2745,C27H44N4O12,[M + H]+,Small peptides,Tripeptides,Oligopeptides,Peptides,Amino acids
2419_01102023_MZmine_trial_sirius_sirius_4205,C18H34N4O6,[M + H]+,Small peptides,Tripeptides,Oligopeptides,Peptides,Amino acids
1852_01102023_MZmine_trial_sirius_sirius_3362,C34H52N6O8S,[M + H]+,Oligopeptides,Linear peptides,Oligopeptides,Peptides,Amino acids
450_01102023_MZmine_trial_sirius_sirius_1523,C16H24N6O6,[M + H]+,Small peptides,Tripeptides,Oligopeptides,Peptides,Amino acids
647_01102023_MZmine_trial_sirius_sirius_1767,C15H26N4O8,[M + H]+,Small peptides,Tripeptides,Oligopeptides,Peptides,Amino acids
1617_01102023_MZmine_trial_sirius_sirius_3033,C16H27N5O9S2,[M + H]+,Small peptides,Tripeptides,Oligopeptides,Peptides,Amino acids
2058_01102023_MZmine_trial_sirius_sirius_3653,C31H37N5O7,[M + H]+,Small peptides,Tripeptides,Oligopeptides,Peptides,Amino acids
1425_01102023_MZmine_trial_sirius_sirius_2754,C16H30N4O5,[M + H]+,Small peptides,Tripeptides,Oligopeptides,Peptides,Amino acids
2223_01102023_MZmine_trial_sirius_sirius_3928,C34H57N7O9,[M + H]+,Oligopeptides,Cyclic peptides,Oligopeptides,Peptides,Amino acids
2060_01102023_MZmine_trial_sirius_sirius_3656,C20H40N6O6,[M + Na]+,Small peptides,Tripeptides,Oligopeptides,Peptides,Amino acids
2224_01102023_MZmine_trial_sirius_sirius_3929,C25H44N8O7,[M + H]+,Small peptides,Tripeptides,Oligopeptides,Peptides,Amino acids
2061_01102023_MZmine_trial_sirius_sirius_3657,C36H55N7O9,[M + H]+,Oligopeptides,Cyclic peptides,Oligopeptides,Peptides,Amino acids
1247_01102023_MZmine_trial_sirius_sirius_2497,C28H51N7O8,[M + H]+,Small peptides,Tripeptides,Oligopeptides,Peptides,Amino acids
2627_01102023_MZmine_trial_sirius_sirius_4491,C22H36N4O8,[M + H]+,Small peptides,Tripeptides,Oligopeptides,Peptides,Amino acids
1436_01102023_MZmine_trial_sirius_sirius_2766,C21H36N4O8,[M + H]+,Small peptides,Tripeptides,Oligopeptides,Peptides,Amino acids
2825_01102023_MZmine_trial_sirius_sirius_4772,C22H23Br2N5O7,[M + H]+,Small peptides,Tripeptides,Oligopeptides,Peptides,Amino acids
3012_01102023_MZmine_trial_sirius_sirius_5022,C32H57N7O10,[M + H]+,Small peptides,Tripeptides,Oligopeptides,Peptides,Amino acids
1441_01102023_MZmine_trial_sirius_sirius_2771,C17H30N6O6,[M + H]+,Small peptides,Tripeptides,Oligopeptides,Peptides,Amino acids
1868_01102023_MZmine_trial_sirius_sirius_3384,C17H25N3O5,[M + H]+,Small peptides,Tripeptides,Oligopeptides,Peptides,Amino acids
3015_01102023_MZmine_trial_sirius_sirius_5025,C24H36N4O6,[M + H]+,Small peptides,Tripeptides,Oligopeptides,Peptides,Amino acids
2234_01102023_MZmine_trial_sirius_sirius_3947,C34H44N6O9,[M + H]+,Small peptides,Tripeptides,Oligopeptides,Peptides,Amino acids
1870_01102023_MZmine_trial_sirius_sirius_3386,C16H27N3O4,[M + H]+,Small peptides,Dipeptides,Oligopeptides,Peptides,Amino acids
2634_01102023_MZmine_trial_sirius_sirius_4498,C18H29N3O5,[M + H]+,Small peptides,Tripeptides,Oligopeptides,Peptides,Amino acids
471_01102023_MZmine_trial_sirius_sirius_1550,C14H28N6O4,[M + H]+,Small peptides,Dipeptides,Oligopeptides,Peptides,Amino acids
1059_01102023_MZmine_trial_sirius_sirius_2281,C17H29N5O6,[M + H]+,Small peptides,Tripeptides,Oligopeptides,Peptides,Amino acids
2073_01102023_MZmine_trial_sirius_sirius_3673,C19H25N3O6,[M + H]+,Small peptides,Tripeptides,Oligopeptides,Peptides,Amino acids
1637_01102023_MZmine_trial_sirius_sirius_3059,C32H52N10O9,[M + H]+,Oligopeptides,Linear peptides,Oligopeptides,Peptides,Amino acids
1445_01102023_MZmine_trial_sirius_sirius_2777,C19H27N7O5,[M + H]+,Small peptides,Tripeptides,Oligopeptides,Peptides,Amino acids
2635_01102023_MZmine_trial_sirius_sirius_4500,C28H41N5O5,[M + H]+,Small peptides,Tripeptides,Oligopeptides,Peptides,Amino acids
2636_01102023_MZmine_trial_sirius_sirius_4501,C20H30N10O6,[M + H]+,Small peptides,Tripeptides,Oligopeptides,Peptides,Amino acids
2834_01102023_MZmine_trial_sirius_sirius_4784,C21H36N4O7,[M + H]+,Small peptides,Tripeptides,Oligopeptides,Peptides,Amino acids
475_01102023_MZmine_trial_sirius_sirius_1555,C14H25N5O4,[M + Na]+,Small peptides,Tripeptides,Oligopeptides,Peptides,Amino acids
1065_01102023_MZmine_trial_sirius_sirius_2289,C16H27N3O8,[M + H]+,Small peptides,Tripeptides,Oligopeptides,Peptides,Amino acids
1451_01102023_MZmine_trial_sirius_sirius_2783,C33H54N8O14,[M + H]+,Small peptides,Tripeptides,Oligopeptides,Peptides,Amino acids
1643_01102023_MZmine_trial_sirius_sirius_3067,C19H25N3O6,[M + H]+,Small peptides,Dipeptides,Oligopeptides,Peptides,Amino acids
2084_01102023_MZmine_trial_sirius_sirius_3685,C21H40N8O11,[M + H]+,Small peptides,Tripeptides,Oligopeptides,Peptides,Amino acids
481_01102023_MZmine_trial_sirius_sirius_1565,C15H26N4O5,[M + H]+,Small peptides,Dipeptides,Oligopeptides,Peptides,Amino acids
1453_01102023_MZmine_trial_sirius_sirius_2786,C26H45N7O8,[M + H]+,Small peptides,Tripeptides,Oligopeptides,Peptides,Amino acids
2841_01102023_MZmine_trial_sirius_sirius_4792,C20H32N8O4,[M + K]+,Small peptides,Tripeptides,Oligopeptides,Peptides,Amino acids
3029_01102023_MZmine_trial_sirius_sirius_5042,C21H36N4O7,[M + H]+,Small peptides,Tripeptides,Oligopeptides,Peptides,Amino acids
1646_01102023_MZmine_trial_sirius_sirius_3071,C21H36N4O8,[M + H]+,Small peptides,Tripeptides,Oligopeptides,Peptides,Amino acids
864_01102023_MZmine_trial_sirius_sirius_2031,C16H30N4O5,[M + H]+,Small peptides,Tripeptides,Oligopeptides,Peptides,Amino acids
2843_01102023_MZmine_trial_sirius_sirius_4794,C24H35N9O5,[M + H]+,Small peptides,Tripeptides,Oligopeptides,Peptides,Amino acids
2089_01102023_MZmine_trial_sirius_sirius_3692,C28H38N8O4,[M + H]+,Small peptides,Tripeptides,Oligopeptides,Peptides,Amino acids
2453_01102023_MZmine_trial_sirius_sirius_4246,C18H23N5O10S4,[M + K]+,Small peptides,Tripeptides,Oligopeptides,Peptides,Amino acids
1884_01102023_MZmine_trial_sirius_sirius_3404,C19H27N3O4,[M + Na]+,Small peptides,Dipeptides,Oligopeptides,Peptides,Amino acids
1272_01102023_MZmine_trial_sirius_sirius_2530,C15H28N4O5,[M + H]+,Small peptides,Tripeptides,Oligopeptides,Peptides,Amino acids
868_01102023_MZmine_trial_sirius_sirius_2035,C14H21N5O4,[M + H]+,Small peptides,Dipeptides,Oligopeptides,Peptides,Amino acids
2091_01102023_MZmine_trial_sirius_sirius_3694,C27H39N9O9,[M + H]+,Small peptides,Tripeptides,Oligopeptides,Peptides,Amino acids
1274_01102023_MZmine_trial_sirius_sirius_2532,C16H30N4O5,[M + H]+,Small peptides,Tripeptides,Oligopeptides,Peptides,Amino acids
2659_01102023_MZmine_trial_sirius_sirius_4528,C26H38N4O8,[M + H]+,Small peptides,Tripeptides,Oligopeptides,Peptides,Amino acids
870_01102023_MZmine_trial_sirius_sirius_2037,C17H27N5O5,[M + H]+,Small peptides,Dipeptides,Oligopeptides,Peptides,Amino acids
2255_01102023_MZmine_trial_sirius_sirius_3982,C15H29N3O4,[M + H]+,Small peptides,Tripeptides,Oligopeptides,Peptides,Amino acids
1081_01102023_MZmine_trial_sirius_sirius_2305,C21H28N4O8,[M + H]+,Small peptides,Tripeptides,Oligopeptides,Peptides,Amino acids
2851_01102023_MZmine_trial_sirius_sirius_4803,C20H25N3O5,[M + H]+,Small peptides,Tripeptides,Oligopeptides,Peptides,Amino acids
1463_01102023_MZmine_trial_sirius_sirius_2800,C20H33N11O5,[M + H]+,Small peptides,Tripeptides,Oligopeptides,Peptides,Amino acids
490_01102023_MZmine_trial_sirius_sirius_1576,C31H47N13O12,[M + K]+,Oligopeptides,Linear peptides,Oligopeptides,Peptides,Amino acids
2256_01102023_MZmine_trial_sirius_sirius_3983,C21H36N4O7,[M + H]+,Small peptides,Tripeptides,Oligopeptides,Peptides,Amino acids
2458_01102023_MZmine_trial_sirius_sirius_4252,C24H38N6O3S,[M + H]+,Small peptides,Tripeptides,Oligopeptides,Peptides,Amino acids
1279_01102023_MZmine_trial_sirius_sirius_2540,C14H27N3O5,[M + H]+,Small peptides,Tripeptides,Oligopeptides,Peptides,Amino acids
2852_01102023_MZmine_trial_sirius_sirius_4805,C43H66N8O9,[M + H]+,Oligopeptides,Cyclic peptides,Oligopeptides,Peptides,Amino acids
2664_01102023_MZmine_trial_sirius_sirius_4535,C15H30N12O4,[M + H]+,Small peptides,Tripeptides,Oligopeptides,Peptides,Amino acids
1674_01102023_MZmine_trial_sirius_sirius_3112,C22H42N12O7,[M + K]+,Small peptides,Tripeptides,Oligopeptides,Peptides,Amino acids
876_01102023_MZmine_trial_sirius_sirius_2044,C15H25N3O8,[M + H]+,Small peptides,Tripeptides,Oligopeptides,Peptides,Amino acids
2855_01102023_MZmine_trial_sirius_sirius_4813,C33H51N7O12,[M + H]+,Oligopeptides,Linear peptides,Oligopeptides,Peptides,Amino acids
3040_01102023_MZmine_trial_sirius_sirius_5058,C19H38N8O7,[M + H]+,Small peptides,Tripeptides,Oligopeptides,Peptides,Amino acids
692_01102023_MZmine_trial_sirius_sirius_1823,C15H21N3O5,[M + H]+,Small peptides,Tripeptides,Oligopeptides,Peptides,Amino acids
1285_01102023_MZmine_trial_sirius_sirius_2547,C20H36N4O6,[M + H]+,Small peptides,Tripeptides,Oligopeptides,Peptides,Amino acids
1677_01102023_MZmine_trial_sirius_sirius_3115,C20H36N6O7S,[M + H]+,Small peptides,Tripeptides,Oligopeptides,Peptides,Amino acids
2261_01102023_MZmine_trial_sirius_sirius_3989,C29H45N7O7,[M + Na]+,Small peptides,Tripeptides,Oligopeptides,Peptides,Amino acids
1897_01102023_MZmine_trial_sirius_sirius_3422,C30H46N6O9,[M + H]+,Small peptides,Tripeptides,Oligopeptides,Peptides,Amino acids
1471_01102023_MZmine_trial_sirius_sirius_2809,C30H49N7O12,[M + H]+,Small peptides,Tripeptides,Oligopeptides,Peptides,Amino acids
1473_01102023_MZmine_trial_sirius_sirius_2814,C20H33N11O5,[M + Na]+,Small peptides,Tripeptides,Oligopeptides,Peptides,Amino acids
2106_01102023_MZmine_trial_sirius_sirius_3726,C36H55N7O9,[M + Na]+,Oligopeptides,Cyclic peptides,Oligopeptides,Peptides,Amino acids
2466_01102023_MZmine_trial_sirius_sirius_4264,C30H46N4O11,[M + H]+,Small peptides,Tripeptides,Oligopeptides,Peptides,Amino acids
3049_01102023_MZmine_trial_sirius_sirius_5073,C32H54N8O10S,[M + H]+,Macrolides,Tripeptides,Oligopeptides,Peptides,Amino acids
1095_01102023_MZmine_trial_sirius_sirius_2326,C20H36N4O8,[M + H]+,Small peptides,Tripeptides,Oligopeptides,Peptides,Amino acids
2468_01102023_MZmine_trial_sirius_sirius_4266,C19H29N3O5,[M + H]+,Small peptides,Tripeptides,Oligopeptides,Peptides,Amino acids
2469_01102023_MZmine_trial_sirius_sirius_4267,C19H29N3O5,[M + Na]+,Small peptides,Tripeptides,Oligopeptides,Peptides,Amino acids
2864_01102023_MZmine_trial_sirius_sirius_4827,C34H55N13O8,[M + Na]+,Oligopeptides,Tripeptides,Oligopeptides,Peptides,Amino acids
2109_01102023_MZmine_trial_sirius_sirius_3729,C19H29N3O5,[M + H]+,Small peptides,Tripeptides,Oligopeptides,Peptides,Amino acids
2682_01102023_MZmine_trial_sirius_sirius_4559,C26H44N4O20,[M + H]+,Small peptides,Tripeptides,Oligopeptides,Peptides,Amino acids
1905_01102023_MZmine_trial_sirius_sirius_3432,C21H37N3O6,[M + H]+,Small peptides,Tripeptides,Oligopeptides,Peptides,Amino acids
2110_01102023_MZmine_trial_sirius_sirius_3730,C16H25N5O6,[M + Na]+,Small peptides,Dipeptides,Oligopeptides,Peptides,Amino acids
2111_01102023_MZmine_trial_sirius_sirius_3734,C22H37N9O10,[M + H]+,Small peptides,Tripeptides,Oligopeptides,Peptides,Amino acids
2871_01102023_MZmine_trial_sirius_sirius_4837,C16H33N7O6,[M + H]+,Small peptides,Tripeptides,Oligopeptides,Peptides,Amino acids
2113_01102023_MZmine_trial_sirius_sirius_3743,C23H40N8O9,[M + H]+,Small peptides,Tripeptides,Oligopeptides,Peptides,Amino acids
891_01102023_MZmine_trial_sirius_sirius_2063,C17H27N5O4,[M + H]+,Small peptides,Dipeptides,Oligopeptides,Peptides,Amino acids
2873_01102023_MZmine_trial_sirius_sirius_4840,C32H50N10O8,[M + H]+,Oligopeptides,Linear peptides,Oligopeptides,Peptides,Amino acids
2277_01102023_MZmine_trial_sirius_sirius_4016,C29H45N7O7,[M + H]+,Small peptides,Tripeptides,Oligopeptides,Peptides,Amino acids
3060_01102023_MZmine_trial_sirius_sirius_5088,C19H38N8O7,[M + H]+,Small peptides,Tripeptides,Oligopeptides,Peptides,Amino acids
1486_01102023_MZmine_trial_sirius_sirius_2829,C16H26N4O6,[M + H]+,Small peptides,Dipeptides,Oligopeptides,Peptides,Amino acids
2115_01102023_MZmine_trial_sirius_sirius_3745,C35H40N4O8,[M + H]+,Coumarins,Simple coumarins,Oligopeptides,Peptides,Amino acids
516_01102023_MZmine_trial_sirius_sirius_1613,C16H28N6O5,[M + Na]+,Small peptides,Tripeptides,Oligopeptides,Peptides,Amino acids
2279_01102023_MZmine_trial_sirius_sirius_4019,C18H33N7O9,[M + H]+,Small peptides,Tripeptides,Oligopeptides,Peptides,Amino acids
3062_01102023_MZmine_trial_sirius_sirius_5094,C25H40N4O5,[M + H]+,Small peptides,Tripeptides,Oligopeptides,Peptides,Amino acids
896_01102023_MZmine_trial_sirius_sirius_2068,C17H30N4O8,[M + H]+,Small peptides,Tripeptides,Oligopeptides,Peptides,Amino acids
1303_01102023_MZmine_trial_sirius_sirius_2576,C26H42N6O7,[M + H]+,Small peptides,Tripeptides,Oligopeptides,Peptides,Amino acids
2878_01102023_MZmine_trial_sirius_sirius_4845,C16H25N5O4,[M + H]+,Small peptides,Tripeptides,Oligopeptides,Peptides,Amino acids
2480_01102023_MZmine_trial_sirius_sirius_4281,C27H40N4O7,[M + H]+,Small peptides,Tripeptides,Oligopeptides,Peptides,Amino acids
1304_01102023_MZmine_trial_sirius_sirius_2577,C28H36N4O5,[M + H]+,Small peptides,Tripeptides,Oligopeptides,Peptides,Amino acids
2120_01102023_MZmine_trial_sirius_sirius_3751,C16H25N5O6,[M + H]+,Small peptides,Tripeptides,Oligopeptides,Peptides,Amino acids
1915_01102023_MZmine_trial_sirius_sirius_3446,C21H36N4O8,[M + H]+,Small peptides,Tripeptides,Oligopeptides,Peptides,Amino acids
140_01102023_MZmine_trial_sirius_sirius_659,C14H27N7O6,[M + H]+,Small peptides,Dipeptides,Oligopeptides,Peptides,Amino acids
1916_01102023_MZmine_trial_sirius_sirius_3448,C20H29N5O5,[M + H]+,Small peptides,Tripeptides,Oligopeptides,Peptides,Amino acids
2883_01102023_MZmine_trial_sirius_sirius_4851,C16H29N3O4S,[M + H]+,Small peptides,Dipeptides,Oligopeptides,Peptides,Amino acids
1492_01102023_MZmine_trial_sirius_sirius_2836,C18H27N5O5,[M + H]+,Small peptides,Dipeptides,Oligopeptides,Peptides,Amino acids
2884_01102023_MZmine_trial_sirius_sirius_4852,C21H30N4O7,[M + H]+,Small peptides,Tripeptides,Oligopeptides,Peptides,Amino acids
910_01102023_MZmine_trial_sirius_sirius_2084,C13H25N5O5,[M + Na]+,Small peptides,Tripeptides,Oligopeptides,Peptides,Amino acids
1920_01102023_MZmine_trial_sirius_sirius_3453,C30H48N6O9,[M + Na]+,Oligopeptides,Linear peptides,Oligopeptides,Peptides,Amino acids
2489_01102023_MZmine_trial_sirius_sirius_4294,C34H52N8O11,[M + H]+,Oligopeptides,Tripeptides,Oligopeptides,Peptides,Amino acids
526_01102023_MZmine_trial_sirius_sirius_1625,C15H26N4O8,[M + H]+,Small peptides,Tripeptides,Oligopeptides,Peptides,Amino acids
2887_01102023_MZmine_trial_sirius_sirius_4856,C34H55N13O8,[M + H]+,Small peptides,Tripeptides,Oligopeptides,Peptides,Amino acids
2127_01102023_MZmine_trial_sirius_sirius_3762,C30H48N10O6,[M + H]+,Oligopeptides,Tripeptides,Oligopeptides,Peptides,Amino acids
3123_01102023_MZmine_trial_sirius_sirius_5175,C29H42N4O11,[M + H]+,Small peptides,Tripeptides,Oligopeptides,Peptides,Amino acids
1116_01102023_MZmine_trial_sirius_sirius_2348,C18H31N5O4,[M + H]+,Small peptides,Dipeptides,Oligopeptides,Peptides,Amino acids
2888_01102023_MZmine_trial_sirius_sirius_4859,C20H36N4O6S,[M + H]+,Small peptides,Tripeptides,Oligopeptides,Peptides,Amino acids
1707_01102023_MZmine_trial_sirius_sirius_3167,C16H27N3O4,[M + H]+,Small peptides,Dipeptides,Oligopeptides,Peptides,Amino acids
916_01102023_MZmine_trial_sirius_sirius_2090,C18H30N4O8,[M + H]+,Small peptides,Tripeptides,Oligopeptides,Peptides,Amino acids
2129_01102023_MZmine_trial_sirius_sirius_3767,C25H40N6O6,[M + Na]+,Small peptides,Tripeptides,Oligopeptides,Peptides,Amino acids
3125_01102023_MZmine_trial_sirius_sirius_5177,C21H28N6O4S2,[M + Na]+,Small peptides,Dipeptides,Oligopeptides,Peptides,Amino acids
1509_01102023_MZmine_trial_sirius_sirius_2868,C22H39N5O7,[M + H]+,Small peptides,Tripeptides,Oligopeptides,Peptides,Amino acids
2132_01102023_MZmine_trial_sirius_sirius_3777,C24H37N9O5,[M + H]+,Small peptides,Tripeptides,Oligopeptides,Peptides,Amino acids
2895_01102023_MZmine_trial_sirius_sirius_4867,C39H60N8O12,[M + H]+,Oligopeptides,Linear peptides,Oligopeptides,Peptides,Amino acids
1710_01102023_MZmine_trial_sirius_sirius_3171,C15H23N3O8,[M + H]+,Small peptides,Dipeptides,Oligopeptides,Peptides,Amino acids
2897_01102023_MZmine_trial_sirius_sirius_4869,C27H36N4O6,[M + H]+,Small peptides,Tripeptides,Oligopeptides,Peptides,Amino acids
3129_01102023_MZmine_trial_sirius_sirius_5183,C33H50N7O7P,[M + Na]+,Small peptides,Tripeptides,Oligopeptides,Peptides,Amino acids
1712_01102023_MZmine_trial_sirius_sirius_3173,C36H33N5O11,[M + H]+,Coumarins,Simple coumarins,Oligopeptides,Peptides,Amino acids
2135_01102023_MZmine_trial_sirius_sirius_3782,C20H40N6O6S,[M + Na]+,Small peptides,Tripeptides,Oligopeptides,Peptides,Amino acids
1321_01102023_MZmine_trial_sirius_sirius_2605,C20H32N4O6,[M + Na]+,Small peptides,Tripeptides,Oligopeptides,Peptides,Amino acids
1513_01102023_MZmine_trial_sirius_sirius_2873,C21H25N9O6,[M + H]+,Small peptides,Tripeptides,Oligopeptides,Peptides,Amino acids
2502_01102023_MZmine_trial_sirius_sirius_4313,C22H34N4O7,[M + H]+,Small peptides,Tripeptides,Oligopeptides,Peptides,Amino acids
3092_01102023_MZmine_trial_sirius_sirius_5134,C20H31N5O9,[M + H]+,Small peptides,Tripeptides,Oligopeptides,Peptides,Amino acids
2136_01102023_MZmine_trial_sirius_sirius_3784,C25H40N6O6,[M + H]+,Small peptides,Tripeptides,Oligopeptides,Peptides,Amino acids
332_01102023_MZmine_trial_sirius_sirius_1333,C16H24N6O6,[M + H]+,Small peptides,Tripeptides,Oligopeptides,Peptides,Amino acids
1715_01102023_MZmine_trial_sirius_sirius_3180,C27H40N8O10S2,[M + H]+,Small peptides,Tripeptides,Oligopeptides,Peptides,Amino acids
541_01102023_MZmine_trial_sirius_sirius_1646,C14H26N4O6,[M + H]+,Small peptides,Tripeptides,Oligopeptides,Peptides,Amino acids
2138_01102023_MZmine_trial_sirius_sirius_3787,C32H45N5O7,[M + H]+,Oligopeptides,Linear peptides,Oligopeptides,Peptides,Amino acids
1517_01102023_MZmine_trial_sirius_sirius_2879,C22H32N4O8,[M + H]+,Small peptides,Tripeptides,Oligopeptides,Peptides,Amino acids
542_01102023_MZmine_trial_sirius_sirius_1647,C16H29N5O6,[M + H]+,Small peptides,Tripeptides,Oligopeptides,Peptides,Amino acids
336_01102023_MZmine_trial_sirius_sirius_1339,C20H32FN5O5S,[M + H]+,Small peptides,Tripeptides,Oligopeptides,Peptides,Amino acids
2518_01102023_MZmine_trial_sirius_sirius_4333,C27H36N6O5,[M + H]+,Small peptides,Tripeptides,Oligopeptides,Peptides,Amino acids
1719_01102023_MZmine_trial_sirius_sirius_3186,C19H27N3O5,[M + H]+,Small peptides,Tripeptides,Oligopeptides,Peptides,Amino acids
1938_01102023_MZmine_trial_sirius_sirius_3490,C16H30N4O5S,[M + H]+,Small peptides,Tripeptides,Oligopeptides,Peptides,Amino acids
337_01102023_MZmine_trial_sirius_sirius_1345,C23H36N6O15,[M + H]+,Small peptides,Tripeptides,Oligopeptides,Peptides,Amino acids
1522_01102023_MZmine_trial_sirius_sirius_2887,C22H35N9O11,[M + H]+,Small peptides,Tripeptides,Oligopeptides,Peptides,Amino acids
2307_01102023_MZmine_trial_sirius_sirius_4054,C19H25N3O4,[M + H]+,Small peptides,Tripeptides,Oligopeptides,Peptides,Amino acids
2308_01102023_MZmine_trial_sirius_sirius_4055,C31H53N7O15,[M + H]+,Small peptides,Tripeptides,Oligopeptides,Peptides,Amino acids
1725_01102023_MZmine_trial_sirius_sirius_3194,C17H26N4O4,[M + H]+,Small peptides,Dipeptides,Oligopeptides,Peptides,Amino acids
778_01102023_MZmine_trial_sirius_sirius_1920,C16H31N7O5,[M + H]+,Small peptides,Tripeptides,Oligopeptides,Peptides,Amino acids
1947_01102023_MZmine_trial_sirius_sirius_3507,C30H48N6O9,[M + H]+,Oligopeptides,Cyclic peptides,Oligopeptides,Peptides,Amino acids
939_01102023_MZmine_trial_sirius_sirius_2117,C18H31N5O7,[M + H]+,Small peptides,Tripeptides,Oligopeptides,Peptides,Amino acids
2313_01102023_MZmine_trial_sirius_sirius_4063,C17H25N9O3,[M + H]+,Small peptides,Tripeptides,Oligopeptides,Peptides,Amino acids
1143_01102023_MZmine_trial_sirius_sirius_2380,C20H25N5O4,[M + H]+,Small peptides,Dipeptides,Oligopeptides,Peptides,Amino acids
3518_01102023_MZmine_trial_sirius_sirius_5729,C25H42N6O6,[M + H]+,Small peptides,Tripeptides,Oligopeptides,Peptides,Amino acids
3909_01102023_MZmine_trial_sirius_sirius_6273,C22H32N4O6,[M + H]+,Small peptides,Tripeptides,Oligopeptides,Peptides,Amino acids
3719_01102023_MZmine_trial_sirius_sirius_6016,C30H47N7O8,[M + H]+,Small peptides,Tripeptides,Oligopeptides,Peptides,Amino acids
1532_01102023_MZmine_trial_sirius_sirius_2899,C23H38N6O12,[M + H]+,Small peptides,Tripeptides,Oligopeptides,Peptides,Amino acids
1358_01102023_MZmine_trial_sirius_sirius_2663,C29H55N9O8,[M + H]+,Small peptides,Tripeptides,Oligopeptides,Peptides,Amino acids
3329_01102023_MZmine_trial_sirius_sirius_5458,C35H46N8O8,[M + H]+,Oligopeptides,Linear peptides,Oligopeptides,Peptides,Amino acids
1534_01102023_MZmine_trial_sirius_sirius_2907,C17H29N3O6,[M + Na]+,Small peptides,Tripeptides,Oligopeptides,Peptides,Amino acids
560_01102023_MZmine_trial_sirius_sirius_1669,C16H23N5O5,[M + H]+,Small peptides,Dipeptides,Oligopeptides,Peptides,Amino acids
1535_01102023_MZmine_trial_sirius_sirius_2909,C16H29N3O6,[M + H]+,Small peptides,Tripeptides,Oligopeptides,Peptides,Amino acids
562_01102023_MZmine_trial_sirius_sirius_1671,C15H21N3O5,[M + H]+,Small peptides,Tripeptides,Oligopeptides,Peptides,Amino acids
1362_01102023_MZmine_trial_sirius_sirius_2667,C26H46N6O9,[M + H]+,Small peptides,Tripeptides,Oligopeptides,Peptides,Amino acids
3152_01102023_MZmine_trial_sirius_sirius_5209,C20H38N6O8,[M + H]+,Small peptides,Tripeptides,Oligopeptides,Peptides,Amino acids
1738_01102023_MZmine_trial_sirius_sirius_3211,C33H48N6O13S2,[M + H]+,Small peptides,Tripeptides,Oligopeptides,Peptides,Amino acids
957_01102023_MZmine_trial_sirius_sirius_2136,C15H29N3O4,[M + H]+,Small peptides,Tripeptides,Oligopeptides,Peptides,Amino acids
3731_01102023_MZmine_trial_sirius_sirius_6033,C16H29N3O9,[M + H]+,Small peptides,Tripeptides,Oligopeptides,Peptides,Amino acids
4495_01102023_MZmine_trial_sirius_sirius_7150,C12H13I2N3O5S,[M + K]+,Small peptides,Tripeptides,Oligopeptides,Peptides,Amino acids
1745_01102023_MZmine_trial_sirius_sirius_3220,C12H25N11O6,[M + H]+,Small peptides,Tripeptides,Oligopeptides,Peptides,Amino acids
3164_01102023_MZmine_trial_sirius_sirius_5225,C22H38N4O5,[M + H]+,Small peptides,Cyclic peptides,Oligopeptides,Peptides,Amino acids
3165_01102023_MZmine_trial_sirius_sirius_5226,C21H38N8O13,[M + H]+,Small peptides,Tripeptides,Oligopeptides,Peptides,Amino acids
573_01102023_MZmine_trial_sirius_sirius_1684,C17H31N5O4S2,[M + Na]+,Ornithine alkaloids,Polyamines,Oligopeptides,Peptides,Amino acids
963_01102023_MZmine_trial_sirius_sirius_2146,C34H49N5O14,[M + H]+,Small peptides,Tripeptides,Oligopeptides,Peptides,Amino acids
1752_01102023_MZmine_trial_sirius_sirius_3231,C43H37N7O10,[M + H]+,Oligopeptides,Tripeptides,Oligopeptides,Peptides,Amino acids
3168_01102023_MZmine_trial_sirius_sirius_5232,C29H28N6O10S5,[M + H]+,Oligopeptides,Cyclic peptides,Oligopeptides,Peptides,Amino acids
965_01102023_MZmine_trial_sirius_sirius_2148,C20H34N4O7,[M + H]+,Small peptides,Tripeptides,Oligopeptides,Peptides,Amino acids
3348_01102023_MZmine_trial_sirius_sirius_5484,C22H38N4O5,[M + H]+,Small peptides,Tripeptides,Oligopeptides,Peptides,Amino acids
966_01102023_MZmine_trial_sirius_sirius_2152,C17H32N4O9,[M + H]+,Small peptides,Tripeptides,Oligopeptides,Peptides,Amino acids
1554_01102023_MZmine_trial_sirius_sirius_2939,C16H31N3O4,[M + H]+,Small peptides,Tripeptides,Oligopeptides,Peptides,Amino acids
3545_01102023_MZmine_trial_sirius_sirius_5765,C20H25N3O5,[M + H]+,Small peptides,Tripeptides,Oligopeptides,Peptides,Amino acids
3171_01102023_MZmine_trial_sirius_sirius_5237,C36H57N11O12,[M + H]+,Oligopeptides,Tripeptides,Oligopeptides,Peptides,Amino acids
3744_01102023_MZmine_trial_sirius_sirius_6053,C25H42N12O10,[M + H]+,Small peptides,Tripeptides,Oligopeptides,Peptides,Amino acids
3745_01102023_MZmine_trial_sirius_sirius_6054,C22H36N4O6,[M + H]+,Small peptides,Tripeptides,Oligopeptides,Peptides,Amino acids
1559_01102023_MZmine_trial_sirius_sirius_2946,C48H36N6O9,[M + H]+,Oligopeptides,Cyclic peptides,Oligopeptides,Peptides,Amino acids
3177_01102023_MZmine_trial_sirius_sirius_5247,C17H19N5O4S4,[M + H]+,Small peptides,Dipeptides,Oligopeptides,Peptides,Amino acids
1560_01102023_MZmine_trial_sirius_sirius_2947,C21H28N4O5,[M + H]+,Small peptides,Tripeptides,Oligopeptides,Peptides,Amino acids
3750_01102023_MZmine_trial_sirius_sirius_6060,C34H48N6O11,[M + H]+,Small peptides,Tripeptides,Oligopeptides,Peptides,Amino acids
4893_01102023_MZmine_trial_sirius_sirius_7732,C28H42N6O9,[M + Na]+,Small peptides,Tripeptides,Oligopeptides,Peptides,Amino acids
4701_01102023_MZmine_trial_sirius_sirius_7453,C27H50N4O13,[M + H]+,Small peptides,Tripeptides,Oligopeptides,Peptides,Amino acids
3950_01102023_MZmine_trial_sirius_sirius_6325,C30H34N6O6,[M + H]+,Small peptides,Tripeptides,Oligopeptides,Peptides,Amino acids
3186_01102023_MZmine_trial_sirius_sirius_5260,C25H42N6O6,[M + H]+,Small peptides,Tripeptides,Oligopeptides,Peptides,Amino acids
3758_01102023_MZmine_trial_sirius_sirius_6071,C28H49N7O8,[M + H]+,Oligopeptides,Tripeptides,Oligopeptides,Peptides,Amino acids
3759_01102023_MZmine_trial_sirius_sirius_6072,C20H44N8O10,[M + Na]+,Small peptides,Tripeptides,Oligopeptides,Peptides,Amino acids
3561_01102023_MZmine_trial_sirius_sirius_5785,C25H39F2N7O6,[M + H]+,Small peptides,Tripeptides,Oligopeptides,Peptides,Amino acids
3368_01102023_MZmine_trial_sirius_sirius_5517,C21H31N3O5,[M + H]+,Small peptides,Tripeptides,Oligopeptides,Peptides,Amino acids
3762_01102023_MZmine_trial_sirius_sirius_6076,C44H74N6O3,[M + H]+,Oligopeptides,Linear peptides,Oligopeptides,Peptides,Amino acids
4339_01102023_MZmine_trial_sirius_sirius_6915,C26H40N4O5,[M + H]+,Small peptides,Tripeptides,Oligopeptides,Peptides,Amino acids
3194_01102023_MZmine_trial_sirius_sirius_5269,C29H40N4O9,[M + H]+,Oligopeptides,Cyclic peptides,Oligopeptides,Peptides,Amino acids
4912_01102023_MZmine_trial_sirius_sirius_7761,C36H58N5O13P,[M + H]+,Oligopeptides,Linear peptides,Oligopeptides,Peptides,Amino acids
3197_01102023_MZmine_trial_sirius_sirius_5274,C24H34N4O5S,[M + H]+,Small peptides,Tripeptides,Oligopeptides,Peptides,Amino acids
3378_01102023_MZmine_trial_sirius_sirius_5527,C29H40N4O9,[M + H]+,Small peptides,Tripeptides,Oligopeptides,Peptides,Amino acids
4533_01102023_MZmine_trial_sirius_sirius_7205,C35H55N5O5,[M + H]+,Oligopeptides,Cyclic peptides,Oligopeptides,Peptides,Amino acids
3379_01102023_MZmine_trial_sirius_sirius_5528,C29H48N10O7S,[M + H]+,Small peptides,Tripeptides,Oligopeptides,Peptides,Amino acids
4153_01102023_MZmine_trial_sirius_sirius_6638,C26H40N8O6,[M + H]+,Small peptides,Tripeptides,Oligopeptides,Peptides,Amino acids
3380_01102023_MZmine_trial_sirius_sirius_5529,C20H33N3O5,[M + Na]+,Small peptides,Dipeptides,Oligopeptides,Peptides,Amino acids
3202_01102023_MZmine_trial_sirius_sirius_5280,C24H34N4O5S,[M + H]+,Small peptides,Tripeptides,Oligopeptides,Peptides,Amino acids
4156_01102023_MZmine_trial_sirius_sirius_6641,C26H40N8O6,[M + H]+,Small peptides,Tripeptides,Oligopeptides,Peptides,Amino acids
3969_01102023_MZmine_trial_sirius_sirius_6353,C28H40N8O8,[M + Na]+,Small peptides,Tripeptides,Oligopeptides,Peptides,Amino acids
4724_01102023_MZmine_trial_sirius_sirius_7491,C23H25ClFN9O6S4,[M + Na]+,Small peptides,Tripeptides,Oligopeptides,Peptides,Amino acids
4158_01102023_MZmine_trial_sirius_sirius_6643,C39H60N12O9,[M + H]+,Oligopeptides,Linear peptides,Oligopeptides,Peptides,Amino acids
3973_01102023_MZmine_trial_sirius_sirius_6360,C29H39N9O7,[M + H]+,Small peptides,Tripeptides,Oligopeptides,Peptides,Amino acids
3779_01102023_MZmine_trial_sirius_sirius_6098,C20H29N3O4,[M + H]+,Small peptides,Dipeptides,Oligopeptides,Peptides,Amino acids
4544_01102023_MZmine_trial_sirius_sirius_7219,C32H51N8O10P,[M + H]+,Small peptides,Tripeptides,Oligopeptides,Peptides,Amino acids
3587_01102023_MZmine_trial_sirius_sirius_5823,C32H40N4O5,[M + H]+,Small peptides,Tripeptides,Oligopeptides,Peptides,Amino acids
3588_01102023_MZmine_trial_sirius_sirius_5825,C29H43N5O6S,[M + H]+,Small peptides,Tripeptides,Oligopeptides,Peptides,Amino acids
5910_01102023_MZmine_trial_sirius_sirius_9534,C24H33N3O5,[M + H]+,Small peptides,Tripeptides,Oligopeptides,Peptides,Amino acids
3394_01102023_MZmine_trial_sirius_sirius_5549,C31H45N5O5S,[M + H]+,Small peptides,Tripeptides,Oligopeptides,Peptides,Amino acids
4167_01102023_MZmine_trial_sirius_sirius_6657,C37H37N3O6,[M + H]+,Small peptides,Tripeptides,Oligopeptides,Peptides,Amino acids
3786_01102023_MZmine_trial_sirius_sirius_6107,C27H46N5O5P,[M + H]+,Small peptides,Tripeptides,Oligopeptides,Peptides,Amino acids
4171_01102023_MZmine_trial_sirius_sirius_6662,C20H29N3O5,[M + H]+,Small peptides,Tripeptides,Oligopeptides,Peptides,Amino acids
3594_01102023_MZmine_trial_sirius_sirius_5835,C27H51N7O17,[M + H]+,Small peptides,Tripeptides,Oligopeptides,Peptides,Amino acids
3400_01102023_MZmine_trial_sirius_sirius_5557,C30H44N4O10,[M + H]+,Small peptides,Tripeptides,Oligopeptides,Peptides,Amino acids
3992_01102023_MZmine_trial_sirius_sirius_6392,C20H41N5O11,[M + Na]+,Small peptides,Tripeptides,Oligopeptides,Peptides,Amino acids
4740_01102023_MZmine_trial_sirius_sirius_7511,C18H35N11O6,[M + Na]+,Small peptides,Tripeptides,Oligopeptides,Peptides,Amino acids
4174_01102023_MZmine_trial_sirius_sirius_6667,C18H24N4O16P2,[M + H]+,Small peptides,Dipeptides,Oligopeptides,Peptides,Amino acids
4556_01102023_MZmine_trial_sirius_sirius_7232,C37H42BN7O7,[M + H]+,Small peptides,Tripeptides,Oligopeptides,Peptides,Amino acids
3405_01102023_MZmine_trial_sirius_sirius_5563,C24H34N4O5S,[M + H]+,Small peptides,Tripeptides,Oligopeptides,Peptides,Amino acids
3598_01102023_MZmine_trial_sirius_sirius_5840,C22H26ClN5O5S4,[M + K]+,Small peptides,Tripeptides,Oligopeptides,Peptides,Amino acids
4557_01102023_MZmine_trial_sirius_sirius_7234,C40H78N6O6,[M + H]+,Oligopeptides,Lipopeptides,Oligopeptides,Peptides,Amino acids
4745_01102023_MZmine_trial_sirius_sirius_7516,C29H50N6O11,[M + H]+,Small peptides,Tripeptides,Oligopeptides,Peptides,Amino acids
3230_01102023_MZmine_trial_sirius_sirius_5312,C13H28N6O5,[M + Na]+,Small peptides,Tripeptides,Oligopeptides,Peptides,Amino acids
4748_01102023_MZmine_trial_sirius_sirius_7520,C24H31N3O4,[M + H]+,Small peptides,Simple coumarins,Oligopeptides,Peptides,Amino acids
4184_01102023_MZmine_trial_sirius_sirius_6684,C36H68N8O10,[M + H]+,Oligopeptides,Cyclic peptides,Oligopeptides,Peptides,Amino acids
3800_01102023_MZmine_trial_sirius_sirius_6130,C15H18Br2N4O5S,[M + H]+,Small peptides,Tripeptides,Oligopeptides,Peptides,Amino acids
5340_01102023_MZmine_trial_sirius_sirius_8425,C29H44N4O7,[M + H]+,Oligopeptides,Tripeptides,Oligopeptides,Peptides,Amino acids
4002_01102023_MZmine_trial_sirius_sirius_6409,C22H34N6O4,[M + Na]+,Small peptides,Tripeptides,Oligopeptides,Peptides,Amino acids
5534_01102023_MZmine_trial_sirius_sirius_8777,C46H60N6O9,[M + H]+,Oligopeptides,Linear peptides,Oligopeptides,Peptides,Amino acids
5347_01102023_MZmine_trial_sirius_sirius_8435,C32H51N9O8,[M + H]+,Small peptides,Tripeptides,Oligopeptides,Peptides,Amino acids
3423_01102023_MZmine_trial_sirius_sirius_5589,C21H25N3O6,[M + Na]+,Small peptides,Tripeptides,Oligopeptides,Peptides,Amino acids
4209_01102023_MZmine_trial_sirius_sirius_6718,C37H64N12O6,[M + Na]+,Oligopeptides,Tripeptides,Oligopeptides,Peptides,Amino acids
3816_01102023_MZmine_trial_sirius_sirius_6156,C21H37N7O9,[M + H]+,Small peptides,Tripeptides,Oligopeptides,Peptides,Amino acids
3439_01102023_MZmine_trial_sirius_sirius_5607,C27H39N5O6,[M + H]+,Oligopeptides,Cyclic peptides,Oligopeptides,Peptides,Amino acids
4585_01102023_MZmine_trial_sirius_sirius_7283,C27H42F2N6O8,[M + H]+,Small peptides,Tripeptides,Oligopeptides,Peptides,Amino acids
4217_01102023_MZmine_trial_sirius_sirius_6731,C30H55N7O7,[M + H]+,Oligopeptides,Linear peptides,Oligopeptides,Peptides,Amino acids
4396_01102023_MZmine_trial_sirius_sirius_7000,C34H26N4O14S4,[M + H]+,Small peptides,Cyclic peptides,Oligopeptides,Peptides,Amino acids
4591_01102023_MZmine_trial_sirius_sirius_7293,C27H46N6O7,[M + H]+,Oligopeptides,Cyclic peptides,Oligopeptides,Peptides,Amino acids
3450_01102023_MZmine_trial_sirius_sirius_5625,C30H45N9O9,[M + H]+,Oligopeptides,Cyclic peptides,Oligopeptides,Peptides,Amino acids
3287_01102023_MZmine_trial_sirius_sirius_5397,C16H26N6O6,[M + H]+,Small peptides,Tripeptides,Oligopeptides,Peptides,Amino acids
4999_01102023_MZmine_trial_sirius_sirius_7875,C35H65N11O7S3,[M + H]+,Oligopeptides,Linear peptides,Oligopeptides,Peptides,Amino acids
3288_01102023_MZmine_trial_sirius_sirius_5399,C15H30N12O4,[M + H]+,Small peptides,Tripeptides,Oligopeptides,Peptides,Amino acids
3834_01102023_MZmine_trial_sirius_sirius_6181,C27H41N5O5S,[M + H]+,Small peptides,Tripeptides,Oligopeptides,Peptides,Amino acids
3293_01102023_MZmine_trial_sirius_sirius_5408,C34H47N7O10,[M + H]+,Oligopeptides,Linear peptides,Oligopeptides,Peptides,Amino acids
4230_01102023_MZmine_trial_sirius_sirius_6756,C35H66N10O10,[M + H]+,Oligopeptides,Linear peptides,Oligopeptides,Peptides,Amino acids
3458_01102023_MZmine_trial_sirius_sirius_5638,C23H37FN8O6,[M + H]+,Small peptides,Tripeptides,Oligopeptides,Peptides,Amino acids
3644_01102023_MZmine_trial_sirius_sirius_5907,C18H27N3O6,[M + Na]+,Small peptides,Tripeptides,Oligopeptides,Peptides,Amino acids
4806_01102023_MZmine_trial_sirius_sirius_7602,C22H42N12O8,[M + Na]+,Small peptides,Tripeptides,Oligopeptides,Peptides,Amino acids
3462_01102023_MZmine_trial_sirius_sirius_5643,C20H33N7O7S4,[M + K]+,Small peptides,Tripeptides,Oligopeptides,Peptides,Amino acids
3463_01102023_MZmine_trial_sirius_sirius_5647,C38H47N5O5,[M + H]+,Small peptides,Tripeptides,Oligopeptides,Peptides,Amino acids
5011_01102023_MZmine_trial_sirius_sirius_7898,C30H54N12O12,[M + H]+,Small peptides,Tripeptides,Oligopeptides,Peptides,Amino acids
4070_01102023_MZmine_trial_sirius_sirius_6506,C39H75N7O3,[M + H]+,Oligopeptides,Linear peptides,Oligopeptides,Peptides,Amino acids
4242_01102023_MZmine_trial_sirius_sirius_6774,C42H60N10O8,[M + H]+,Oligopeptides,Cyclic peptides,Oligopeptides,Peptides,Amino acids
3304_01102023_MZmine_trial_sirius_sirius_5425,C24H29Br2N3O6S,[M + H]+,Small peptides,Tripeptides,Oligopeptides,Peptides,Amino acids
5383_01102023_MZmine_trial_sirius_sirius_8489,C40H68N6O13,[M + H]+,Oligopeptides,Linear peptides,Oligopeptides,Peptides,Amino acids
3470_01102023_MZmine_trial_sirius_sirius_5658,C45H60N6O8,[M + Na]+,Oligopeptides,Cyclic peptides,Oligopeptides,Peptides,Amino acids
4076_01102023_MZmine_trial_sirius_sirius_6516,C40H45N5O6,[M + H]+,Oligopeptides,Linear peptides,Oligopeptides,Peptides,Amino acids
4247_01102023_MZmine_trial_sirius_sirius_6783,C22H34N4O8,[M + Na]+,Small peptides,Tripeptides,Oligopeptides,Peptides,Amino acids
3654_01102023_MZmine_trial_sirius_sirius_5924,C33H59N7O10,[M + Na]+,Oligopeptides,Linear peptides,Oligopeptides,Peptides,Amino acids
3472_01102023_MZmine_trial_sirius_sirius_5660,C44H57N9O7,[M + Na]+,Oligopeptides,Cyclic peptides,Oligopeptides,Peptides,Amino acids
3658_01102023_MZmine_trial_sirius_sirius_5931,C24H38N8O4,[M + H]+,Small peptides,Tripeptides,Oligopeptides,Peptides,Amino acids
3474_01102023_MZmine_trial_sirius_sirius_5662,C44H57N9O7,[M + H]+,Oligopeptides,Cyclic peptides,Oligopeptides,Peptides,Amino acids
5021_01102023_MZmine_trial_sirius_sirius_7913,C32H34N6O11S3,[M + H]+,Oligopeptides,Cyclic peptides,Oligopeptides,Peptides,Amino acids
4081_01102023_MZmine_trial_sirius_sirius_6528,C19H24IN7O8S2,[M + Na]+,Small peptides,Tripeptides,Oligopeptides,Peptides,Amino acids
3475_01102023_MZmine_trial_sirius_sirius_5663,C18H27N3O6,[M + Na]+,Small peptides,Tripeptides,Oligopeptides,Peptides,Amino acids
4084_01102023_MZmine_trial_sirius_sirius_6532,C22H40N4O5,[M + H]+,Small peptides,Tripeptides,Oligopeptides,Peptides,Amino acids
4252_01102023_MZmine_trial_sirius_sirius_6791,C22H34N4O8,[M + H]+,Small peptides,Tripeptides,Oligopeptides,Peptides,Amino acids
3662_01102023_MZmine_trial_sirius_sirius_5937,C26H38N4O6,[M + H]+,Small peptides,Tripeptides,Oligopeptides,Peptides,Amino acids
3480_01102023_MZmine_trial_sirius_sirius_5671,C41H56N12O6,[M + H]+,Oligopeptides,Cyclic peptides,Oligopeptides,Peptides,Amino acids
4259_01102023_MZmine_trial_sirius_sirius_6804,C17H27N3O5,[M + H]+,Small peptides,Tripeptides,Oligopeptides,Peptides,Amino acids
3483_01102023_MZmine_trial_sirius_sirius_5675,C26H40N4O5,[M + H]+,Small peptides,Tripeptides,Oligopeptides,Peptides,Amino acids
5780_01102023_MZmine_trial_sirius_sirius_9268,C32H60N6O16,[M + H]+,Oligopeptides,Linear peptides,Oligopeptides,Peptides,Amino acids
5216_01102023_MZmine_trial_sirius_sirius_8211,C16H20N8O12S3,[M + K]+,Small peptides,Tripeptides,Oligopeptides,Peptides,Amino acids
4267_01102023_MZmine_trial_sirius_sirius_6817,C31H45N3O8,[M + H]+,Small peptides,Tripeptides,Oligopeptides,Peptides,Amino acids
5220_01102023_MZmine_trial_sirius_sirius_8225,C31H42N10O6,[M + H]+,Small peptides,Tripeptides,Oligopeptides,Peptides,Amino acids
3490_01102023_MZmine_trial_sirius_sirius_5685,C25H37BN6O5,[M + H]+,Small peptides,Tripeptides,Oligopeptides,Peptides,Amino acids
4268_01102023_MZmine_trial_sirius_sirius_6819,C36H47FN8O8,[M + H]+,Small peptides,Tripeptides,Oligopeptides,Peptides,Amino acids
3678_01102023_MZmine_trial_sirius_sirius_5961,C24H26N4O8S6,[M + H]+,Small peptides,Cyclic peptides,Oligopeptides,Peptides,Amino acids
4272_01102023_MZmine_trial_sirius_sirius_6824,C17H19Br2N9O5,[M + H]+,Small peptides,Tripeptides,Oligopeptides,Peptides,Amino acids
4461_01102023_MZmine_trial_sirius_sirius_7101,C22H34N4O8,[M + H]+,Small peptides,Tripeptides,Oligopeptides,Peptides,Amino acids
4656_01102023_MZmine_trial_sirius_sirius_7390,C43H58FN11O6,[M + H]+,Oligopeptides,Tripeptides,Oligopeptides,Peptides,Amino acids
4463_01102023_MZmine_trial_sirius_sirius_7104,C17H27N3O5,[M + H]+,Small peptides,Dipeptides,Oligopeptides,Peptides,Amino acids
4276_01102023_MZmine_trial_sirius_sirius_6830,C37H55N7O13,[M + H]+,Oligopeptides,Linear peptides,Oligopeptides,Peptides,Amino acids
3500_01102023_MZmine_trial_sirius_sirius_5704,C27H40F2N6O5,[M + H]+,Small peptides,Tripeptides,Oligopeptides,Peptides,Amino acids
3890_01102023_MZmine_trial_sirius_sirius_6249,C35H48N6O7,[M + H]+,Oligopeptides,Linear peptides,Oligopeptides,Peptides,Amino acids
4281_01102023_MZmine_trial_sirius_sirius_6838,C29H30N4O5,[M + H]+,Small peptides,Tripeptides,Oligopeptides,Peptides,Amino acids
4286_01102023_MZmine_trial_sirius_sirius_6843,C21H39N11O9,[M + H]+,Small peptides,Tripeptides,Oligopeptides,Peptides,Amino acids
6827_01102023_MZmine_trial_sirius_sirius_11064,C24H38N6O5,[M + Na]+,Small peptides,Tripeptides,Oligopeptides,Peptides,Amino acids
6466_01102023_MZmine_trial_sirius_sirius_10538,C27H46N8O7,[M + H]+,Small peptides,Tripeptides,Oligopeptides,Peptides,Amino acids
4289_01102023_MZmine_trial_sirius_sirius_6848,C27H36N6O8,[M + H]+,Small peptides,Cyclic peptides,Oligopeptides,Peptides,Amino acids
4480_01102023_MZmine_trial_sirius_sirius_7131,C29H43N5O6S,[M + H]+,Small peptides,Tripeptides,Oligopeptides,Peptides,Amino acids
7809_01102023_MZmine_trial_sirius_sirius_12552,C27H49N9O4,[M + H]+,Small peptides,Tripeptides,Oligopeptides,Peptides,Amino acids
7997_01102023_MZmine_trial_sirius_sirius_12905,C24H43N9O11,[M + H]+,Small peptides,Tripeptides,Oligopeptides,Peptides,Amino acids
5460_01102023_MZmine_trial_sirius_sirius_8621,C32H59N7O7,[M + H]+,Oligopeptides,Linear peptides,Oligopeptides,Peptides,Amino acids
8985_01102023_MZmine_trial_sirius_sirius_14593,C30H42N6O8,[M + H]+,Oligopeptides,Cyclic peptides,Oligopeptides,Peptides,Amino acids
7494_01102023_MZmine_trial_sirius_sirius_12022,C34H34N6O12,[M + H]+,Oligopeptides,Tripeptides,Oligopeptides,Peptides,Amino acids
6869_01102023_MZmine_trial_sirius_sirius_11129,C20H41N5O9,[M + Na]+,Small peptides,Tripeptides,Oligopeptides,Peptides,Amino acids
7856_01102023_MZmine_trial_sirius_sirius_12653,C33H53N5O8S,[M + Na]+,Oligopeptides,Cyclic peptides,Oligopeptides,Peptides,Amino acids
8228_01102023_MZmine_trial_sirius_sirius_13291,C22H46N6O5,[M + Na]+,Small peptides,Tripeptides,Oligopeptides,Peptides,Amino acids
7866_01102023_MZmine_trial_sirius_sirius_12677,C43H67N5O5,[M + H]+,Oligopeptides,Linear peptides,Oligopeptides,Peptides,Amino acids
8703_01102023_MZmine_trial_sirius_sirius_14106,C25H34N8O8,[M + Na]+,Small peptides,Tripeptides,Oligopeptides,Peptides,Amino acids
7899_01102023_MZmine_trial_sirius_sirius_12736,C32H63N5O8,[M + H]+,Oligopeptides,Cyclic peptides,Oligopeptides,Peptides,Amino acids
8713_01102023_MZmine_trial_sirius_sirius_14123,C24H44N6O4,[M + Na]+,Small peptides,Tripeptides,Oligopeptides,Peptides,Amino acids
7909_01102023_MZmine_trial_sirius_sirius_12752,C30H59N5O7,[M + H]+,Oligopeptides,Lipopeptides,Oligopeptides,Peptides,Amino acids
7157_01102023_MZmine_trial_sirius_sirius_11558,C31H58N16O11,[M + H]+,Oligopeptides,Tripeptides,Oligopeptides,Peptides,Amino acids
6785_01102023_MZmine_trial_sirius_sirius_11012,C31H64N10O6,[M + Na]+,Oligopeptides,Linear peptides,Oligopeptides,Peptides,Amino acids
7914_01102023_MZmine_trial_sirius_sirius_12762,C28H55N5O6,[M + H]+,Oligopeptides,N-acyl amines,Oligopeptides,Peptides,Amino acids
8533_01102023_MZmine_trial_sirius_sirius_13813,C29H49N3O5S,[M + Na]+,Oligopeptides,Open-chain polyketides,Oligopeptides,Peptides,Amino acids
9116_01102023_MZmine_trial_sirius_sirius_14903,C30H60N14O6,[M + Na]+,Small peptides,Tripeptides,Oligopeptides,Peptides,Amino acids
7758_01102023_MZmine_trial_sirius_sirius_12453,C17H33N11O5,[M + H]+,Small peptides,Tripeptides,Oligopeptides,Peptides,Amino acids
8540_01102023_MZmine_trial_sirius_sirius_13821,C35H67N7O6S,[M + K]+,Fatty amides,N-acyl amines,Oligopeptides,Peptides,Amino acids
8333_01102023_MZmine_trial_sirius_sirius_13454,C21H38N4O7S,[M + H]+,Small peptides,Tripeptides,Oligopeptides,Peptides,Amino acids
6802_01102023_MZmine_trial_sirius_sirius_11033,C24H29N3O4,[M + H]+,Small peptides,Dipeptides,Oligopeptides,Peptides,Amino acids
6413_01102023_MZmine_trial_sirius_sirius_10450,C23H34N8O9,[M + H]+,Small peptides,Tripeptides,Oligopeptides,Peptides,Amino acids
8339_01102023_MZmine_trial_sirius_sirius_13471,C36H65N9O5,[M + H]+,Oligopeptides,Lipopeptides,Oligopeptides,Peptides,Amino acids
8342_01102023_MZmine_trial_sirius_sirius_13474,C27H41N11O10,[M + H]+,Small peptides,Tripeptides,Oligopeptides,Peptides,Amino acids
8947_01102023_MZmine_trial_sirius_sirius_14535,C27H43N11O10,[M + H]+,Small peptides,Tripeptides,Oligopeptides,Peptides,Amino acids
6970_01102023_MZmine_trial_sirius_sirius_11287,C50H82N6O4,[M + H]+,Oligopeptides,Linear peptides,Oligopeptides,Peptides,Amino acids
8958_01102023_MZmine_trial_sirius_sirius_14550,C35H69N5O8,[M + H]+,Oligopeptides,Cyclic peptides,Oligopeptides,Peptides,Amino acids
8361_01102023_MZmine_trial_sirius_sirius_13516,C25H35N9O6,[M + Na]+,Small peptides,Tripeptides,Oligopeptides,Peptides,Amino acids
7201_01102023_MZmine_trial_sirius_sirius_11611,C31H51N5O7S,[M + H]+,Oligopeptides,Cyclic peptides,Oligopeptides,Peptides,Amino acids
7203_01102023_MZmine_trial_sirius_sirius_11614,C31H51N5O7S,[M + Na]+,Oligopeptides,Cyclic peptides,Oligopeptides,Peptides,Amino acids
6984_01102023_MZmine_trial_sirius_sirius_11306,C37H58N12O10,[M + H]+,Oligopeptides,Linear peptides,Oligopeptides,Peptides,Amino acids
8162_01102023_MZmine_trial_sirius_sirius_13185,C27H49N5O15,[M + K]+,Oligopeptides,Lipopeptides,Oligopeptides,Peptides,Amino acids
785_01102023_MZmine_trial_sirius_sirius_1930,C13H24N2O6,[M + H]+,Small peptides,Dipeptides,Peptides,Peptides,Amino acids
395_01102023_MZmine_trial_sirius_sirius_1437,C10H16N8O4,[M + H]+,Small peptides,Tripeptides,Peptides,Peptides,Amino acids
1370_01102023_MZmine_trial_sirius_sirius_2676,C17H30N4O5,[M + Na]+,Small peptides,Tripeptides,Peptides,Peptides,Amino acids
1177_01102023_MZmine_trial_sirius_sirius_2415,C12H22N2O4,[M + H]+,Small peptides,Dipeptides,Peptides,Peptides,Amino acids
1371_01102023_MZmine_trial_sirius_sirius_2677,C12H21FN2O6S,[M + H]+,Small peptides,Dipeptides,Peptides,Peptides,Amino acids
2566_01102023_MZmine_trial_sirius_sirius_4407,C20H30BN4O3,[M + H]+,Small peptides,Tripeptides,Peptides,Peptides,Amino acids
2770_01102023_MZmine_trial_sirius_sirius_4688,C15H22N2O5S2,[M + H]+,Small peptides,Dipeptides,Peptides,Peptides,Amino acids
1963_01102023_MZmine_trial_sirius_sirius_3529,C30H50N6O7,[M + H]+,Oligopeptides,Cyclic peptides,Peptides,Peptides,Amino acids
795_01102023_MZmine_trial_sirius_sirius_1941,C20H35N5O6,[M + H]+,Small peptides,Tripeptides,Peptides,Peptides,Amino acids
1965_01102023_MZmine_trial_sirius_sirius_3531,C29H40N6O7,[M + Na]+,Oligopeptides,Cyclic peptides,Peptides,Peptides,Amino acids
1383_01102023_MZmine_trial_sirius_sirius_2703,C20H32N4O6,[M + H]+,Small peptides,Cyclic peptides,Peptides,Peptides,Amino acids
2965_01102023_MZmine_trial_sirius_sirius_4955,C16H34N12O6,[M + H]+,Ornithine alkaloids,Tripeptides,Peptides,Peptides,Amino acids
2388_01102023_MZmine_trial_sirius_sirius_4162,C27H43N3O8,[M + H]+,Small peptides,Cyclic peptides,Peptides,Peptides,Amino acids
2581_01102023_MZmine_trial_sirius_sirius_4428,C17H33BN4O4S,[M + H]+,Small peptides,Tripeptides,Peptides,Peptides,Amino acids
2392_01102023_MZmine_trial_sirius_sirius_4173,C19H27N3O5,[M + H]+,Small peptides,Tripeptides,Peptides,Peptides,Amino acids
2584_01102023_MZmine_trial_sirius_sirius_4431,C27H50N4O10,[M + Na]+,Small peptides,Tripeptides,Peptides,Peptides,Amino acids
2393_01102023_MZmine_trial_sirius_sirius_4174,C32H43N3O7,[M + Na]+,Small peptides,Tripeptides,Peptides,Peptides,Amino acids
2984_01102023_MZmine_trial_sirius_sirius_4981,C34H56N6O9,[M + H]+,Oligopeptides,Cyclic peptides,Peptides,Peptides,Amino acids
2405_01102023_MZmine_trial_sirius_sirius_4188,C17H33N3O4,[M + H]+,Small peptides,Tripeptides,Peptides,Peptides,Amino acids
2205_01102023_MZmine_trial_sirius_sirius_3908,C22H40N4O5,[M + H]+,Small peptides,Tripeptides,Peptides,Peptides,Amino acids
2041_01102023_MZmine_trial_sirius_sirius_3633,C19H27N3O5,[M + H]+,Small peptides,Tripeptides,Peptides,Peptides,Amino acids
2043_01102023_MZmine_trial_sirius_sirius_3635,C34H43N3O3S,[M + H]+,Small peptides,Tripeptides,Peptides,Peptides,Amino acids
824_01102023_MZmine_trial_sirius_sirius_1980,C17H22N6O2,[M + H]+,Small peptides,Dipeptides,Peptides,Peptides,Amino acids
2409_01102023_MZmine_trial_sirius_sirius_4194,C15H22N2O5S2,[M + H]+,-lactams,Penicillins,Peptides,Peptides,Amino acids
2808_01102023_MZmine_trial_sirius_sirius_4740,C20H31N3O4,[M + H]+,Small peptides,Dipeptides,Peptides,Peptides,Amino acids
2412_01102023_MZmine_trial_sirius_sirius_4198,C22H40N4O5,[M + H]+,Small peptides,Tripeptides,Peptides,Peptides,Amino acids
2213_01102023_MZmine_trial_sirius_sirius_3917,C16H29N7O2,[M + Na]+,Small peptides,Dipeptides,Peptides,Peptides,Amino acids
1231_01102023_MZmine_trial_sirius_sirius_2477,C21H36N4O5,[M + H]+,Small peptides,Tripeptides,Peptides,Peptides,Amino acids
1611_01102023_MZmine_trial_sirius_sirius_3018,C24H39N3O4,[M + Na]+,Small peptides,Tripeptides,Peptides,Peptides,Amino acids
1237_01102023_MZmine_trial_sirius_sirius_2486,C20H29N5O5,[M + H]+,Small peptides,Tripeptides,Peptides,Peptides,Amino acids
1613_01102023_MZmine_trial_sirius_sirius_3028,C25H49N5O13,[M + H]+,Small peptides,Tripeptides,Peptides,Peptides,Amino acids
1239_01102023_MZmine_trial_sirius_sirius_2488,C22H36N2O6,[M + Na]+,Small peptides,Tripeptides,Peptides,Peptides,Amino acids
2422_01102023_MZmine_trial_sirius_sirius_4208,C18H30N2O7S,[M + H]+,Small peptides,Dipeptides,Peptides,Peptides,Amino acids
836_01102023_MZmine_trial_sirius_sirius_1998,C29H43N7O11,[M + Na]+,Oligopeptides,Cyclic peptides,Peptides,Peptides,Amino acids
2817_01102023_MZmine_trial_sirius_sirius_4756,C21H33BN6O6,[M + H]+,Small peptides,Tripeptides,Peptides,Peptides,Amino acids
2424_01102023_MZmine_trial_sirius_sirius_4210,C18H29N3O5,[M + H]+,Small peptides,Tripeptides,Peptides,Peptides,Amino acids
1618_01102023_MZmine_trial_sirius_sirius_3034,C16H26F2N4O3,[M + H]+,Small peptides,Tripeptides,Peptides,Peptides,Amino acids
2059_01102023_MZmine_trial_sirius_sirius_3654,C23H42N4O8,[M + H]+,Fatty amides,Cyclic peptides,Peptides,Peptides,Amino acids
3003_01102023_MZmine_trial_sirius_sirius_5011,C21H33BN6O6,[M + H]+,Small peptides,Tripeptides,Peptides,Peptides,Amino acids
3004_01102023_MZmine_trial_sirius_sirius_5012,C16H25N7O3,[M + H]+,Small peptides,Dipeptides,Peptides,Peptides,Amino acids
840_01102023_MZmine_trial_sirius_sirius_2005,C16H27N3O4,[M + H]+,Small peptides,Dipeptides,Peptides,Peptides,Amino acids
2225_01102023_MZmine_trial_sirius_sirius_3930,C13H22N2O4S2,[M + H]+,Small peptides,Dipeptides,Peptides,Peptides,Amino acids
1859_01102023_MZmine_trial_sirius_sirius_3374,C18H28N4O6S,[M + H]+,Small peptides,Dipeptides,Peptides,Peptides,Amino acids
1624_01102023_MZmine_trial_sirius_sirius_3041,C21H41N5O6,[M + H]+,Small peptides,Tripeptides,Peptides,Peptides,Amino acids
1249_01102023_MZmine_trial_sirius_sirius_2502,C18H30N4O8,[M + Na]+,Small peptides,Tripeptides,Peptides,Peptides,Amino acids
1046_01102023_MZmine_trial_sirius_sirius_2264,C12H18N2O5,[M + H]+,Small peptides,Dipeptides,Peptides,Peptides,Amino acids
2230_01102023_MZmine_trial_sirius_sirius_3939,C25H40N6O9,[M + H]+,Oligopeptides,Tripeptides,Peptides,Peptides,Amino acids
1440_01102023_MZmine_trial_sirius_sirius_2770,C18H27N3O7,[M + H]+,Small peptides,Aminoacids,Peptides,Peptides,Amino acids
2232_01102023_MZmine_trial_sirius_sirius_3944,C25H43N5O6,[M + H]+,Oligopeptides,Cyclic peptides,Peptides,Peptides,Amino acids
1635_01102023_MZmine_trial_sirius_sirius_3057,C23H38BN5O7S,[M + H]+,Small peptides,Tripeptides,Peptides,Peptides,Amino acids
2071_01102023_MZmine_trial_sirius_sirius_3668,C30H52N6O7,[M + H]+,Oligopeptides,Cyclic peptides,Peptides,Peptides,Amino acids
1443_01102023_MZmine_trial_sirius_sirius_2773,C19H38BN5O5,[M + K]+,Small peptides,Tripeptides,Peptides,Peptides,Amino acids
2831_01102023_MZmine_trial_sirius_sirius_4780,C26H43N5O7,[M + H]+,Oligopeptides,Cyclic peptides,Peptides,Peptides,Amino acids
2443_01102023_MZmine_trial_sirius_sirius_4230,C13H24N6O5,[M + H]+,Small peptides,Dipeptides,Peptides,Peptides,Amino acids
3021_01102023_MZmine_trial_sirius_sirius_5032,C14H19N3O6,[M + H]+,Small peptides,Dipeptides,Peptides,Peptides,Amino acids
2639_01102023_MZmine_trial_sirius_sirius_4506,C15H29BN2O5,[M + Na]+,Small peptides,Tripeptides,Peptides,Peptides,Amino acids
482_01102023_MZmine_trial_sirius_sirius_1566,C10H18N3O7,[M + H]+,Small peptides,Dipeptides,Peptides,Peptides,Amino acids
1886_01102023_MZmine_trial_sirius_sirius_3406,C18H27N2O7,[M + Na]+,Small peptides,Dipeptides,Peptides,Peptides,Amino acids
1077_01102023_MZmine_trial_sirius_sirius_2301,C16H23BN4O3,[M + H]+,Small peptides,Dipeptides,Peptides,Peptides,Amino acids
2253_01102023_MZmine_trial_sirius_sirius_3977,C16H25N3O5S,[M + H]+,Small peptides,Aminoacids,Peptides,Peptides,Amino acids
1468_01102023_MZmine_trial_sirius_sirius_2805,C18H23BN4O3,[M + H]+,Small peptides,Tripeptides,Peptides,Peptides,Amino acids
1286_01102023_MZmine_trial_sirius_sirius_2550,C29H41N5O6,[M + H]+,Oligopeptides,Cyclic peptides,Peptides,Peptides,Amino acids
2105_01102023_MZmine_trial_sirius_sirius_3725,C17H32N2O8,[M + H]+,Small peptides,Dipeptides,Peptides,Peptides,Amino acids
2266_01102023_MZmine_trial_sirius_sirius_4001,C23H42N4O8,[M + Na]+,Small peptides,Tripeptides,Peptides,Peptides,Amino acids
2108_01102023_MZmine_trial_sirius_sirius_3728,C24H32N4O7,[M + H]+,Coumarins,Dipeptides,Peptides,Peptides,Amino acids
1907_01102023_MZmine_trial_sirius_sirius_3435,C17H31N3O4,[M + H]+,Small peptides,Dipeptides,Peptides,Peptides,Amino acids
2688_01102023_MZmine_trial_sirius_sirius_4569,C15H18N4O8S,[M + H]+,-lactams,Dipeptides,Peptides,Peptides,Amino acids
1298_01102023_MZmine_trial_sirius_sirius_2571,C20H32N4O6,[M + H]+,Small peptides,Cyclic peptides,Peptides,Peptides,Amino acids
1102_01102023_MZmine_trial_sirius_sirius_2334,C12H30N6O3,[M + Na]+,Small peptides,Dipeptides,Peptides,Peptides,Amino acids
308_01102023_MZmine_trial_sirius_sirius_1259,C10H20N4O7,[M + K]+,Small peptides,Aminoacids,Peptides,Peptides,Amino acids
2280_01102023_MZmine_trial_sirius_sirius_4021,C19H38N10O6,[M + H]+,Oligopeptides,Polyamines,Peptides,Peptides,Amino acids
3063_01102023_MZmine_trial_sirius_sirius_5095,C28H44N4O3,[M + Na]+,Small peptides,Tripeptides,Peptides,Peptides,Amino acids
1309_01102023_MZmine_trial_sirius_sirius_2582,C14H24N2O5,[M + Na]+,Small peptides,Dipeptides,Peptides,Peptides,Amino acids
143_01102023_MZmine_trial_sirius_sirius_666,C15H21N5O7,[M + K]+,Small peptides,Dipeptides,Peptides,Peptides,Amino acids
2486_01102023_MZmine_trial_sirius_sirius_4289,C22H37B3N7O6,[M + H]+,Small peptides,Tripeptides,Peptides,Peptides,Amino acids
1113_01102023_MZmine_trial_sirius_sirius_2345,C21H34N4O5,[M + H]+,Small peptides,Cyclic peptides,Peptides,Peptides,Amino acids
2490_01102023_MZmine_trial_sirius_sirius_4295,C17H27N3O5,[M + H]+,Small peptides,Tripeptides,Peptides,Peptides,Amino acids
327_01102023_MZmine_trial_sirius_sirius_1321,C19H32N6O9,[M + H]+,Small peptides,Tripeptides,Peptides,Peptides,Amino acids
3090_01102023_MZmine_trial_sirius_sirius_5132,C21H35N3O7,[M + H]+,Small peptides,Tripeptides,Peptides,Peptides,Amino acids
328_01102023_MZmine_trial_sirius_sirius_1323,C38H34N8O3,[M + H]+,Small peptides,Tripeptides,Peptides,Peptides,Amino acids
924_01102023_MZmine_trial_sirius_sirius_2098,C18H38N3O7P,[M + H]+,Small peptides,Tripeptides,Peptides,Peptides,Amino acids
1937_01102023_MZmine_trial_sirius_sirius_3489,C20H29N3O4,[M + H]+,Small peptides,Dipeptides,Peptides,Peptides,Amino acids
2303_01102023_MZmine_trial_sirius_sirius_4048,C14H21N3O6,[M + H]+,Small peptides,Dipeptides,Peptides,Peptides,Amino acids
1131_01102023_MZmine_trial_sirius_sirius_2367,C20H29N3O5,[M + H]+,Small peptides,Dipeptides,Peptides,Peptides,Amino acids
773_01102023_MZmine_trial_sirius_sirius_1913,C13H25N3O4,[M + H]+,Small peptides,Tripeptides,Peptides,Peptides,Amino acids
2311_01102023_MZmine_trial_sirius_sirius_4061,C14H28FN3O6,[M + H]+,Small peptides,Tripeptides,Peptides,Peptides,Amino acids
937_01102023_MZmine_trial_sirius_sirius_2115,C19H27N3O11,[M + H]+,Small peptides,Tripeptides,Peptides,Peptides,Amino acids
3516_01102023_MZmine_trial_sirius_sirius_5726,C21H33BN6O6,[M + H]+,Small peptides,Tripeptides,Peptides,Peptides,Amino acids
1727_01102023_MZmine_trial_sirius_sirius_3196,C23H39N5O6,[M + H]+,Small peptides,Tripeptides,Peptides,Peptides,Amino acids
3326_01102023_MZmine_trial_sirius_sirius_5455,C18H28FN3O6,[M + H]+,Small peptides,Tripeptides,Peptides,Peptides,Amino acids
554_01102023_MZmine_trial_sirius_sirius_1663,C12H21N3O6,[M + H]+,Small peptides,Tripeptides,Peptides,Peptides,Amino acids
1733_01102023_MZmine_trial_sirius_sirius_3202,C18H30N4O6,[M + H]+,Small peptides,Tripeptides,Peptides,Peptides,Amino acids
1148_01102023_MZmine_trial_sirius_sirius_2386,C23H29N3O5,[M + H]+,Small peptides,Dipeptides,Peptides,Peptides,Amino acids
1736_01102023_MZmine_trial_sirius_sirius_3206,C47H96N4O3,[M + H]+,Oligopeptides,Lipopeptides,Peptides,Peptides,Amino acids
1539_01102023_MZmine_trial_sirius_sirius_2915,C17H26N4O4,[M + H]+,Small peptides,Dipeptides,Peptides,Peptides,Amino acids
3157_01102023_MZmine_trial_sirius_sirius_5216,C20H33N3O5,[M + H]+,Small peptides,Cyclic peptides,Peptides,Peptides,Amino acids
569_01102023_MZmine_trial_sirius_sirius_1679,C16H27N5O9,[M + H]+,Oligopeptides,Tripeptides,Peptides,Peptides,Amino acids
4307_01102023_MZmine_trial_sirius_sirius_6871,C25H33N3O6,[M + H]+,Small peptides,Tripeptides,Peptides,Peptides,Amino acids
3342_01102023_MZmine_trial_sirius_sirius_5477,C22H39F3N8O4,[M + H]+,Small peptides,Tripeptides,Peptides,Peptides,Amino acids
1165_01102023_MZmine_trial_sirius_sirius_2403,C15H22N2O4,[M + H]+,Small peptides,Dipeptides,Peptides,Peptides,Amino acids
3537_01102023_MZmine_trial_sirius_sirius_5752,C20H40N4O11,[M + H]+,Small peptides,Tripeptides,Peptides,Peptides,Amino acids
964_01102023_MZmine_trial_sirius_sirius_2147,C16H27N5O9S,[M + H]+,Small peptides,Tripeptides,Peptides,Peptides,Amino acids
4503_01102023_MZmine_trial_sirius_sirius_7164,C30H44N6O8,[M + Na]+,Oligopeptides,Tripeptides,Peptides,Peptides,Amino acids
3172_01102023_MZmine_trial_sirius_sirius_5238,C20H33N3O5,[M + Na]+,Small peptides,Tripeptides,Peptides,Peptides,Amino acids
3749_01102023_MZmine_trial_sirius_sirius_6058,C26H45N5O6,[M + H]+,Small peptides,Tripeptides,Peptides,Peptides,Amino acids
4900_01102023_MZmine_trial_sirius_sirius_7746,C45H90N8O4,[M + H]+,Oligopeptides,Lipopeptides,Peptides,Peptides,Amino acids
5089_01102023_MZmine_trial_sirius_sirius_8026,C31H39N5O3,[M + Na]+,Small peptides,Tripeptides,Peptides,Peptides,Amino acids
4521_01102023_MZmine_trial_sirius_sirius_7190,C21H35N3O5,[M + H]+,Small peptides,Tripeptides,Peptides,Peptides,Amino acids
5290_01102023_MZmine_trial_sirius_sirius_8343,C28H46N6O9,[M + Na]+,Oligopeptides,Cyclic peptides,Peptides,Peptides,Amino acids
4920_01102023_MZmine_trial_sirius_sirius_7772,C26H39N5O3S,[M + H]+,Small peptides,Tripeptides,Peptides,Peptides,Amino acids
3204_01102023_MZmine_trial_sirius_sirius_5282,C28H40N2O5,[M + K]+,Small peptides,Tripeptides,Peptides,Peptides,Amino acids
5119_01102023_MZmine_trial_sirius_sirius_8067,C19H37N5O11S,[M + Na]+,Small peptides,Tripeptides,Peptides,Peptides,Amino acids
4350_01102023_MZmine_trial_sirius_sirius_6928,C27H40N4O5,[M + H]+,Small peptides,Tripeptides,Peptides,Peptides,Amino acids
3972_01102023_MZmine_trial_sirius_sirius_6357,C25H42N4O6,[M + H]+,Oligopeptides,Cyclic peptides,Peptides,Peptides,Amino acids
4542_01102023_MZmine_trial_sirius_sirius_7216,C18H38N4O11,[M + Na]+,Small peptides,Aminoglycosides,Peptides,Peptides,Amino acids
3389_01102023_MZmine_trial_sirius_sirius_5541,C23H42N4O5,[M + H]+,Small peptides,Tripeptides,Peptides,Peptides,Amino acids
5125_01102023_MZmine_trial_sirius_sirius_8074,C17H37N5O6,[M + H]+,Small peptides,Tripeptides,Peptides,Peptides,Amino acids
3583_01102023_MZmine_trial_sirius_sirius_5817,C16H26N2O4,[M + Na]+,Small peptides,Dipeptides,Peptides,Peptides,Amino acids
3590_01102023_MZmine_trial_sirius_sirius_5828,C22H29N3O5,[M + H]+,Small peptides,Tripeptides,Peptides,Peptides,Amino acids
3986_01102023_MZmine_trial_sirius_sirius_6380,C15H25N5O3,[M + Na]+,Small peptides,Dipeptides,Peptides,Peptides,Amino acids
3791_01102023_MZmine_trial_sirius_sirius_6115,C29H36N4O9,[M + K]+,Small peptides,Depsipeptides,Peptides,Peptides,Amino acids
5922_01102023_MZmine_trial_sirius_sirius_9565,C20H41N5O10,[M + Na]+,Small peptides,Tripeptides,Peptides,Peptides,Amino acids
3599_01102023_MZmine_trial_sirius_sirius_5841,C16H26N6O7S,[M + H]+,Small peptides,Dipeptides,Peptides,Peptides,Amino acids
4961_01102023_MZmine_trial_sirius_sirius_7823,C24H33N3O5S,[M + H]+,Small peptides,Tripeptides,Peptides,Peptides,Amino acids
5526_01102023_MZmine_trial_sirius_sirius_8763,C34H22FI2N3O4S,[M + H]+,Small peptides,Carboline alkaloids,Peptides,Peptides,Amino acids
4374_01102023_MZmine_trial_sirius_sirius_6967,C37H46N6O13,[M + Na]+,Oligopeptides,Depsipeptides,Peptides,Peptides,Amino acids
3801_01102023_MZmine_trial_sirius_sirius_6135,C32H22Br3N3O7,[M + H]+,Coumarins,Simple coumarins,Peptides,Peptides,Amino acids
4572_01102023_MZmine_trial_sirius_sirius_7258,C17H27N3O5,[M + H]+,Small peptides,Dipeptides,Peptides,Peptides,Amino acids
4009_01102023_MZmine_trial_sirius_sirius_6417,C27H49N5O6,[M + H]+,Oligopeptides,Cyclic peptides,Peptides,Peptides,Amino acids
3422_01102023_MZmine_trial_sirius_sirius_5588,C36H66N6O6,[M + H]+,Oligopeptides,Lipopeptides,Peptides,Peptides,Amino acids
5543_01102023_MZmine_trial_sirius_sirius_8788,C19H39N5O11S,[M + Na]+,Aminosugars and aminoglycosides,Aminoglycosides,Peptides,Peptides,Amino acids
3817_01102023_MZmine_trial_sirius_sirius_6157,C27H21ClI2N4O4S,[M + H]+,Anthranilic acid alkaloids,Simple coumarins,Peptides,Peptides,Amino acids
4214_01102023_MZmine_trial_sirius_sirius_6725,C25H42N4O6,[M + H]+,Oligopeptides,Cyclic peptides,Peptides,Peptides,Amino acids
4220_01102023_MZmine_trial_sirius_sirius_6738,C24H42BN3O7,[M + Na]+,Small peptides,Tripeptides,Peptides,Peptides,Amino acids
4054_01102023_MZmine_trial_sirius_sirius_6485,C25H42N4O7,[M + H]+,Oligopeptides,Cyclic peptides,Peptides,Peptides,Amino acids
4055_01102023_MZmine_trial_sirius_sirius_6487,C21H33BN6O6,[M + H]+,Small peptides,Tripeptides,Peptides,Peptides,Amino acids
3833_01102023_MZmine_trial_sirius_sirius_6180,C22H29N3O5,[M + H]+,Small peptides,Tripeptides,Peptides,Peptides,Amino acids
5969_01102023_MZmine_trial_sirius_sirius_9668,C18H35N7O7,[M + H]+,Small peptides,Aminoglycosides,Peptides,Peptides,Amino acids
3456_01102023_MZmine_trial_sirius_sirius_5636,C19H19Br3N4O4S,[M + Na]+,Histidine alkaloids,Imidazole alkaloids,Peptides,Peptides,Amino acids
3640_01102023_MZmine_trial_sirius_sirius_5901,C37H54N8O9,[M + Na]+,Small peptides,Linear peptides,Peptides,Peptides,Amino acids
6148_01102023_MZmine_trial_sirius_sirius_10010,C25H38N4O7S,[M + Na]+,Small peptides,Dipeptides,Peptides,Peptides,Amino acids
6152_01102023_MZmine_trial_sirius_sirius_10019,C19H32N2O5S,[M + H]+,Small peptides,Dipeptides,Peptides,Peptides,Amino acids
3302_01102023_MZmine_trial_sirius_sirius_5423,C21H35N3O7,[M + H]+,Small peptides,Tripeptides,Peptides,Peptides,Amino acids
3465_01102023_MZmine_trial_sirius_sirius_5649,C20H24Br4N4O3,[M + H]+,Small peptides,Polyamines,Peptides,Peptides,Amino acids
5760_01102023_MZmine_trial_sirius_sirius_9219,C44H76N4O6,[M + H]+,Oligopeptides,Lipopeptides,Peptides,Peptides,Amino acids
4427_01102023_MZmine_trial_sirius_sirius_7049,C16H33BN6O6,[M + Na]+,Small peptides,Tripeptides,Peptides,Peptides,Amino acids
3311_01102023_MZmine_trial_sirius_sirius_5433,C18H25F4N3O4,[M + H]+,Small peptides,Tripeptides,Peptides,Peptides,Amino acids
5395_01102023_MZmine_trial_sirius_sirius_8512,C17H35N5O4,[M + H]+,Small peptides,Tripeptides,Peptides,Peptides,Amino acids
4822_01102023_MZmine_trial_sirius_sirius_7623,C33H46N4O9S,[M + Na]+,Small peptides,Tripeptides,Peptides,Peptides,Amino acids
4445_01102023_MZmine_trial_sirius_sirius_7076,C27H42N4O13,[M + H]+,Oligopeptides,Depsipeptides,Peptides,Peptides,Amino acids
4263_01102023_MZmine_trial_sirius_sirius_6811,C19H24N2O4,[M + Na]+,Small peptides,Dipeptides,Peptides,Peptides,Amino acids
3487_01102023_MZmine_trial_sirius_sirius_5681,C25H42N6O5,[M + H]+,Small peptides,Tripeptides,Peptides,Peptides,Amino acids
3877_01102023_MZmine_trial_sirius_sirius_6234,C17H25Br2N5O3,[M + K]+,Small peptides,Tripeptides,Peptides,Peptides,Amino acids
3488_01102023_MZmine_trial_sirius_sirius_5683,C19H36N8O10,[M + H]+,Polyols,Tripeptides,Peptides,Peptides,Amino acids
4837_01102023_MZmine_trial_sirius_sirius_7642,C33H42N4O7,[M + H]+,Small peptides,Depsipeptides,Peptides,Peptides,Amino acids
5057_01102023_MZmine_trial_sirius_sirius_7980,C28H44N6O9,[M + H]+,Oligopeptides,Linear peptides,Peptides,Peptides,Amino acids
6461_01102023_MZmine_trial_sirius_sirius_10531,C17H35N5O6,[M + H]+,Small peptides,Tripeptides,Peptides,Peptides,Amino acids
3700_01102023_MZmine_trial_sirius_sirius_5984,C20H24N6O8,[M + H]+,Small peptides,Dipeptides,Peptides,Peptides,Amino acids
6298_01102023_MZmine_trial_sirius_sirius_10276,C19H32N2O5S,[M + H]+,Small peptides,Dipeptides,Peptides,Peptides,Amino acids
5453_01102023_MZmine_trial_sirius_sirius_8611,C31H42N6O12S,[M + Na]+,Oligopeptides,Linear peptides,Peptides,Peptides,Amino acids
6299_01102023_MZmine_trial_sirius_sirius_10277,C17H35N5O6,[M + H]+,Small peptides,Tripeptides,Peptides,Peptides,Amino acids
8583_01102023_MZmine_trial_sirius_sirius_13895,C22H42N2O6,[M + H]+,Fatty amides,N-acyl amines,Peptides,Peptides,Amino acids
8209_01102023_MZmine_trial_sirius_sirius_13262,C16H35N5O6,[M + H]+,Small peptides,Tripeptides,Peptides,Peptides,Amino acids
8794_01102023_MZmine_trial_sirius_sirius_14262,C25H47N3O6,[M + Na]+,Fatty amides,N-acyl amines,Peptides,Peptides,Amino acids
6318_01102023_MZmine_trial_sirius_sirius_10302,C30H56N10O6,[M + H]+,Oligopeptides,Linear peptides,Peptides,Peptides,Amino acids
5850_01102023_MZmine_trial_sirius_sirius_9414,C17H37N5O6,[M + H]+,Small peptides,Tripeptides,Peptides,Peptides,Amino acids
8992_01102023_MZmine_trial_sirius_sirius_14603,C29H50N2O8,[M + H]+,Oligopeptides,Cyclic peptides,Peptides,Peptides,Amino acids
7501_01102023_MZmine_trial_sirius_sirius_12030,C17H35N5O4,[M + H]+,Small peptides,Tripeptides,Peptides,Peptides,Amino acids
8224_01102023_MZmine_trial_sirius_sirius_13282,C13H26BN5O4,[M + Na]+,Small peptides,Tripeptides,Peptides,Peptides,Amino acids
7704_01102023_MZmine_trial_sirius_sirius_12370,C20H34N8O6,[M + H]+,Small peptides,Tripeptides,Peptides,Peptides,Amino acids
7716_01102023_MZmine_trial_sirius_sirius_12389,C23H31N9O6,[M + Na]+,Small peptides,Dipeptides,Peptides,Peptides,Amino acids
8243_01102023_MZmine_trial_sirius_sirius_13307,C21H40N2O6,[M + H]+,Small peptides,N-acyl amines,Peptides,Peptides,Amino acids
8504_01102023_MZmine_trial_sirius_sirius_13769,C26H49N3O8,[M + K]+,Small peptides,Tripeptides,Peptides,Peptides,Amino acids
7528_01102023_MZmine_trial_sirius_sirius_12074,C30H62N6O8,[M + H]+,Small peptides,Linear peptides,Peptides,Peptides,Amino acids
7329_01102023_MZmine_trial_sirius_sirius_11786,C17H35N5O4,[M + H]+,Small peptides,Tripeptides,Peptides,Peptides,Amino acids
8064_01102023_MZmine_trial_sirius_sirius_13020,C21H40N2O6,[M + H]+,Small peptides,N-acyl amines,Peptides,Peptides,Amino acids
7734_01102023_MZmine_trial_sirius_sirius_12413,C21H36N2O6,[M + Na]+,Small peptides,Dipeptides,Peptides,Peptides,Amino acids
6360_01102023_MZmine_trial_sirius_sirius_10369,C18H36N4O10,[M + Na]+,Small peptides,N-acyl amines,Peptides,Peptides,Amino acids
7540_01102023_MZmine_trial_sirius_sirius_12104,C20H38N2O6,[M + H]+,Small peptides,N-acyl amines,Peptides,Peptides,Amino acids
6584_01102023_MZmine_trial_sirius_sirius_10712,C20H41N5O10,[M + Na]+,Small peptides,Tripeptides,Peptides,Peptides,Amino acids
9098_01102023_MZmine_trial_sirius_sirius_14861,C27H46N6O6,[M + H]+,Oligopeptides,Lipopeptides,Peptides,Peptides,Amino acids
6779_01102023_MZmine_trial_sirius_sirius_11002,C26H37N3O6,[M + H]+,Small peptides,Tripeptides,Peptides,Peptides,Amino acids
7163_01102023_MZmine_trial_sirius_sirius_11566,C19H30N10O9,[M + Na]+,Small peptides,Tripeptides,Peptides,Peptides,Amino acids
8101_01102023_MZmine_trial_sirius_sirius_13084,C18H38N4O8,[M + H]+,Small peptides,Tripeptides,Peptides,Peptides,Amino acids
6621_01102023_MZmine_trial_sirius_sirius_10764,C20H42N6O6,[M + H]+,Small peptides,Tripeptides,Peptides,Peptides,Amino acids
8549_01102023_MZmine_trial_sirius_sirius_13835,C26H48N6O6,[M + Na]+,Small peptides,Tripeptides,Peptides,Peptides,Amino acids
8742_01102023_MZmine_trial_sirius_sirius_14174,C30H42N6O8,[M + H]+,Oligopeptides,Cyclic peptides,Peptides,Peptides,Amino acids
6805_01102023_MZmine_trial_sirius_sirius_11038,C23H38N6O9S,[M + H]+,Oligopeptides,Tripeptides,Peptides,Peptides,Amino acids
7770_01102023_MZmine_trial_sirius_sirius_12472,C44H76N6O6,[M + K]+,Oligopeptides,Lipopeptides,Peptides,Peptides,Amino acids
7942_01102023_MZmine_trial_sirius_sirius_12813,C27H45N9O9,[M + K]+,Small peptides,Tripeptides,Peptides,Peptides,Amino acids
9306_01102023_MZmine_trial_sirius_sirius_15269,C23H46N6O6,[M + Na]+,Small peptides,Tripeptides,Peptides,Peptides,Amino acids
6423_01102023_MZmine_trial_sirius_sirius_10475,C20H39N5O10,[M + Na]+,Small peptides,Tripeptides,Peptides,Peptides,Amino acids
7191_01102023_MZmine_trial_sirius_sirius_11597,C20H39N5O9,[M + Na]+,Small peptides,Tripeptides,Peptides,Peptides,Amino acids
7970_01102023_MZmine_trial_sirius_sirius_12865,C30H59N5O7,[M + H]+,Oligopeptides,Lipopeptides,Peptides,Peptides,Amino acids
