,SampleType,SampleTypeSub1,NCBITaxonomy,YearOfAnalysis,SampleCollectionMethod,SampleExtractionMethod,InternalStandardsUsed,MassSpectrometer,IonizationSourceAndPolarity,ChromatographyAndPhase,SubjectIdentifierAsRecorded,AgeInYears,BiologicalSex,UBERONBodyPartName,TermsofPosition,HealthStatus,DOIDCommonName,ComorbidityListDOIDIndex,SampleCollectionDateandTime,Country,HumanPopulationDensity,LatitudeandLongitude,DepthorAltitudeMeters,qiita_sample_name,UniqueSubjectID,LifeStage,UBERONOntologyIndex,DOIDOntologyIndex,ATTRIBUTE_cage_no,ATTIBUTE_mouse_no,ATTRIBUTE_Study_Day,ATTRIBUTE_Diet,ATTRIBUTE_Birth date,ATTRIBUTE_Mouse_weight,ATTRIBUTE_Change_mouse_weight,ATTRIBUTE_Diet_2
10.mzML,animal,biofluid,10088|Mus,2020,"solid material, frozen",methanol-water (4:1),sulfadimethoxine,Q Exactive|MS:1001911,electrospray ionization (positive),reverse phase (C18),10.mzML,not applicable,male,feces,not applicable,healthy,not applicable,not applicable,,United States of America,not applicable,not applicable,not applicable,not applicable,MSV000084783_10.mzML,not applicable,UBERON:0001988,not applicable,3709311,10,0,Deficient,3/1/19,,,Deficient
100.mzML,animal,biofluid,10088|Mus,2020,"solid material, frozen",methanol-water (4:1),sulfadimethoxine,Q Exactive|MS:1001911,electrospray ionization (positive),reverse phase (C18),100.mzML,not applicable,male,feces,not applicable,healthy,not applicable,not applicable,5/7/19,United States of America,not applicable,not applicable,not applicable,not applicable,MSV000084783_100.mzML,not applicable,UBERON:0001988,not applicable,3709311,10,33,Deficient,3/1/19,23.46,1.16,Deficient
101.mzML,animal,biofluid,10088|Mus,2020,"solid material, frozen",methanol-water (4:1),sulfadimethoxine,Q Exactive|MS:1001911,electrospray ionization (positive),reverse phase (C18),101.mzML,not applicable,female,feces,not applicable,healthy,not applicable,not applicable,5/7/19,United States of America,not applicable,not applicable,not applicable,not applicable,MSV000084783_101.mzML,not applicable,UBERON:0001988,not applicable,3709310,11,33,0.6% Fe,3/1/19,17.93,0.73,0.6% Fe
102.mzML,animal,biofluid,10088|Mus,2020,"solid material, frozen",methanol-water (4:1),sulfadimethoxine,Q Exactive|MS:1001911,electrospray ionization (positive),reverse phase (C18),102.mzML,not applicable,female,feces,not applicable,healthy,not applicable,not applicable,5/7/19,United States of America,not applicable,not applicable,not applicable,not applicable,MSV000084783_102.mzML,not applicable,UBERON:0001988,not applicable,3709310,12,33,0.6% Fe,3/1/19,17.9,-0.15,0.6% Fe
103.mzML,animal,biofluid,10088|Mus,2020,"solid material, frozen",methanol-water (4:1),sulfadimethoxine,Q Exactive|MS:1001911,electrospray ionization (positive),reverse phase (C18),103.mzML,not applicable,female,feces,not applicable,healthy,not applicable,not applicable,5/7/19,United States of America,not applicable,not applicable,not applicable,not applicable,MSV000084783_103.mzML,not applicable,UBERON:0001988,not applicable,3709310,13,33,0.6% Fe,3/1/19,16.79,0.09,0.6% Fe
104.mzML,animal,biofluid,10088|Mus,2020,"solid material, frozen",methanol-water (4:1),sulfadimethoxine,Q Exactive|MS:1001911,electrospray ionization (positive),reverse phase (C18),104.mzML,not applicable,female,feces,not applicable,healthy,not applicable,not applicable,5/7/19,United States of America,not applicable,not applicable,not applicable,not applicable,MSV000084783_104.mzML,not applicable,UBERON:0001988,not applicable,3709317,14,33,0.6% Fe,3/7/19,17.9,0.17,0.6% Fe
105.mzML,animal,biofluid,10088|Mus,2020,"solid material, frozen",methanol-water (4:1),sulfadimethoxine,Q Exactive|MS:1001911,electrospray ionization (positive),reverse phase (C18),105.mzML,not applicable,female,feces,not applicable,healthy,not applicable,not applicable,5/7/19,United States of America,not applicable,not applicable,not applicable,not applicable,MSV000084783_105.mzML,not applicable,UBERON:0001988,not applicable,3709317,15,33,0.6% Fe,3/7/19,16.2,0.5,0.6% Fe
12.mzML,animal,biofluid,10088|Mus,2020,"solid material, frozen",methanol-water (4:1),sulfadimethoxine,Q Exactive|MS:1001911,electrospray ionization (positive),reverse phase (C18),12.mzML,not applicable,female,feces,not applicable,healthy,not applicable,not applicable,,United States of America,not applicable,not applicable,not applicable,not applicable,MSV000084783_12.mzML,not applicable,UBERON:0001988,not applicable,3709310,12,0,0.6% Fe,3/1/19,,,0.6% Fe
121.mzML,animal,biofluid,10088|Mus,2020,"solid material, frozen",methanol-water (4:1),sulfadimethoxine,Q Exactive|MS:1001911,electrospray ionization (positive),reverse phase (C18),121.mzML,not applicable,female,feces,not applicable,healthy,not applicable,not applicable,5/17/19,United States of America,not applicable,not applicable,not applicable,not applicable,MSV000084783_121.mzML,not applicable,UBERON:0001988,not applicable,3709314,1,47,Normal,3/7/19,19.64,0.72,Normal
122.mzML,animal,biofluid,10088|Mus,2020,"solid material, frozen",methanol-water (4:1),sulfadimethoxine,Q Exactive|MS:1001911,electrospray ionization (positive),reverse phase (C18),122.mzML,not applicable,female,feces,not applicable,healthy,not applicable,not applicable,5/17/19,United States of America,not applicable,not applicable,not applicable,not applicable,MSV000084783_122.mzML,not applicable,UBERON:0001988,not applicable,3709314,2,47,Normal,3/7/19,19.26,0.96,Normal
123.mzML,animal,biofluid,10088|Mus,2020,"solid material, frozen",methanol-water (4:1),sulfadimethoxine,Q Exactive|MS:1001911,electrospray ionization (positive),reverse phase (C18),123.mzML,not applicable,female,feces,not applicable,healthy,not applicable,not applicable,5/17/19,United States of America,not applicable,not applicable,not applicable,not applicable,MSV000084783_123.mzML,not applicable,UBERON:0001988,not applicable,3709314,3,47,Normal,3/7/19,16.3,0.3,Normal
124.mzML,animal,biofluid,10088|Mus,2020,"solid material, frozen",methanol-water (4:1),sulfadimethoxine,Q Exactive|MS:1001911,electrospray ionization (positive),reverse phase (C18),124.mzML,not applicable,female,feces,not applicable,healthy,not applicable,not applicable,5/17/19,United States of America,not applicable,not applicable,not applicable,not applicable,MSV000084783_124.mzML,not applicable,UBERON:0001988,not applicable,3709316,4,47,Normal,3/1/19,23.92,0.76,Normal
125.mzML,animal,biofluid,10088|Mus,2020,"solid material, frozen",methanol-water (4:1),sulfadimethoxine,Q Exactive|MS:1001911,electrospray ionization (positive),reverse phase (C18),125.mzML,not applicable,female,feces,not applicable,healthy,not applicable,not applicable,5/17/19,United States of America,not applicable,not applicable,not applicable,not applicable,MSV000084783_125.mzML,not applicable,UBERON:0001988,not applicable,3709316,5,47,Normal,3/1/19,23.2,0.85,Normal
126.mzML,animal,biofluid,10088|Mus,2020,"solid material, frozen",methanol-water (4:1),sulfadimethoxine,Q Exactive|MS:1001911,electrospray ionization (positive),reverse phase (C18),126.mzML,not applicable,female,feces,not applicable,healthy,not applicable,not applicable,5/17/19,United States of America,not applicable,not applicable,not applicable,not applicable,MSV000084783_126.mzML,not applicable,UBERON:0001988,not applicable,3709312,6,47,Deficient,3/4/19,14.63,0.08,Deficient
128.mzML,animal,biofluid,10088|Mus,2020,"solid material, frozen",methanol-water (4:1),sulfadimethoxine,Q Exactive|MS:1001911,electrospray ionization (positive),reverse phase (C18),128.mzML,not applicable,female,feces,not applicable,healthy,not applicable,not applicable,5/17/19,United States of America,not applicable,not applicable,not applicable,not applicable,MSV000084783_128.mzML,not applicable,UBERON:0001988,not applicable,3709312,8,47,Deficient,3/4/19,21.5,0.22,Deficient
129.mzML,animal,biofluid,10088|Mus,2020,"solid material, frozen",methanol-water (4:1),sulfadimethoxine,Q Exactive|MS:1001911,electrospray ionization (positive),reverse phase (C18),129.mzML,not applicable,male,feces,not applicable,healthy,not applicable,not applicable,5/17/19,United States of America,not applicable,not applicable,not applicable,not applicable,MSV000084783_129.mzML,not applicable,UBERON:0001988,not applicable,3709311,9,47,Deficient,3/1/19,24.37,0.46,Deficient
13.mzML,animal,biofluid,10088|Mus,2020,"solid material, frozen",methanol-water (4:1),sulfadimethoxine,Q Exactive|MS:1001911,electrospray ionization (positive),reverse phase (C18),13.mzML,not applicable,female,feces,not applicable,healthy,not applicable,not applicable,,United States of America,not applicable,not applicable,not applicable,not applicable,MSV000084783_13.mzML,not applicable,UBERON:0001988,not applicable,3709310,13,0,0.6% Fe,3/1/19,,,0.6% Fe
130.mzML,animal,biofluid,10088|Mus,2020,"solid material, frozen",methanol-water (4:1),sulfadimethoxine,Q Exactive|MS:1001911,electrospray ionization (positive),reverse phase (C18),130.mzML,not applicable,male,feces,not applicable,healthy,not applicable,not applicable,5/17/19,United States of America,not applicable,not applicable,not applicable,not applicable,MSV000084783_130.mzML,not applicable,UBERON:0001988,not applicable,3709311,10,47,Deficient,3/1/19,24.85,0.93,Deficient
131.mzML,animal,biofluid,10088|Mus,2020,"solid material, frozen",methanol-water (4:1),sulfadimethoxine,Q Exactive|MS:1001911,electrospray ionization (positive),reverse phase (C18),131.mzML,not applicable,female,feces,not applicable,healthy,not applicable,not applicable,5/17/19,United States of America,not applicable,not applicable,not applicable,not applicable,MSV000084783_131.mzML,not applicable,UBERON:0001988,not applicable,3709310,11,47,0.6% Fe,3/1/19,18.66,0.27,0.6% Fe
132.mzML,animal,biofluid,10088|Mus,2020,"solid material, frozen",methanol-water (4:1),sulfadimethoxine,Q Exactive|MS:1001911,electrospray ionization (positive),reverse phase (C18),132.mzML,not applicable,female,feces,not applicable,healthy,not applicable,not applicable,5/17/19,United States of America,not applicable,not applicable,not applicable,not applicable,MSV000084783_132.mzML,not applicable,UBERON:0001988,not applicable,3709310,12,47,0.6% Fe,3/1/19,18.92,0.27,0.6% Fe
133.mzML,animal,biofluid,10088|Mus,2020,"solid material, frozen",methanol-water (4:1),sulfadimethoxine,Q Exactive|MS:1001911,electrospray ionization (positive),reverse phase (C18),133.mzML,not applicable,female,feces,not applicable,healthy,not applicable,not applicable,5/17/19,United States of America,not applicable,not applicable,not applicable,not applicable,MSV000084783_133.mzML,not applicable,UBERON:0001988,not applicable,3709310,13,47,0.6% Fe,3/1/19,18.39,0.37,0.6% Fe
135.mzML,animal,biofluid,10088|Mus,2020,"solid material, frozen",methanol-water (4:1),sulfadimethoxine,Q Exactive|MS:1001911,electrospray ionization (positive),reverse phase (C18),135.mzML,not applicable,female,feces,not applicable,healthy,not applicable,not applicable,5/17/19,United States of America,not applicable,not applicable,not applicable,not applicable,MSV000084783_135.mzML,not applicable,UBERON:0001988,not applicable,3709317,15,47,0.6% Fe,3/7/19,18.65,0.89,0.6% Fe
137.mzML,animal,biofluid,10088|Mus,2020,"solid material, frozen",methanol-water (4:1),sulfadimethoxine,Q Exactive|MS:1001911,electrospray ionization (positive),reverse phase (C18),137.mzML,not applicable,female,feces,not applicable,healthy,not applicable,not applicable,5/28/19,United States of America,not applicable,not applicable,not applicable,not applicable,MSV000084783_137.mzML,not applicable,UBERON:0001988,not applicable,3709314,2,54,Normal,3/7/19,19.97,0.71,Normal
138.mzML,animal,biofluid,10088|Mus,2020,"solid material, frozen",methanol-water (4:1),sulfadimethoxine,Q Exactive|MS:1001911,electrospray ionization (positive),reverse phase (C18),138.mzML,not applicable,female,feces,not applicable,healthy,not applicable,not applicable,5/28/19,United States of America,not applicable,not applicable,not applicable,not applicable,MSV000084783_138.mzML,not applicable,UBERON:0001988,not applicable,3709314,3,54,Normal,3/7/19,18,1.7,Normal
139.mzML,animal,biofluid,10088|Mus,2020,"solid material, frozen",methanol-water (4:1),sulfadimethoxine,Q Exactive|MS:1001911,electrospray ionization (positive),reverse phase (C18),139.mzML,not applicable,female,feces,not applicable,healthy,not applicable,not applicable,5/28/19,United States of America,not applicable,not applicable,not applicable,not applicable,MSV000084783_139.mzML,not applicable,UBERON:0001988,not applicable,3709316,4,54,Normal,3/1/19,23.67,-0.25,Normal
14.mzML,animal,biofluid,10088|Mus,2020,"solid material, frozen",methanol-water (4:1),sulfadimethoxine,Q Exactive|MS:1001911,electrospray ionization (positive),reverse phase (C18),14.mzML,not applicable,female,feces,not applicable,healthy,not applicable,not applicable,,United States of America,not applicable,not applicable,not applicable,not applicable,MSV000084783_14.mzML,not applicable,UBERON:0001988,not applicable,3709317,14,0,0.6% Fe,3/7/19,,,0.6% Fe
140.mzML,animal,biofluid,10088|Mus,2020,"solid material, frozen",methanol-water (4:1),sulfadimethoxine,Q Exactive|MS:1001911,electrospray ionization (positive),reverse phase (C18),140.mzML,not applicable,female,feces,not applicable,healthy,not applicable,not applicable,5/28/19,United States of America,not applicable,not applicable,not applicable,not applicable,MSV000084783_140.mzML,not applicable,UBERON:0001988,not applicable,3709316,5,54,Normal,3/1/19,23.32,0.12,Normal
142.mzML,animal,biofluid,10088|Mus,2020,"solid material, frozen",methanol-water (4:1),sulfadimethoxine,Q Exactive|MS:1001911,electrospray ionization (positive),reverse phase (C18),142.mzML,not applicable,female,feces,not applicable,healthy,not applicable,not applicable,5/28/19,United States of America,not applicable,not applicable,not applicable,not applicable,MSV000084783_142.mzML,not applicable,UBERON:0001988,not applicable,3709312,7,54,Deficient,3/4/19,19.65,0.19,Deficient
143.mzML,animal,biofluid,10088|Mus,2020,"solid material, frozen",methanol-water (4:1),sulfadimethoxine,Q Exactive|MS:1001911,electrospray ionization (positive),reverse phase (C18),143.mzML,not applicable,female,feces,not applicable,healthy,not applicable,not applicable,5/28/19,United States of America,not applicable,not applicable,not applicable,not applicable,MSV000084783_143.mzML,not applicable,UBERON:0001988,not applicable,3709312,8,54,Deficient,3/4/19,22.46,0.96,Deficient
144.mzML,animal,biofluid,10088|Mus,2020,"solid material, frozen",methanol-water (4:1),sulfadimethoxine,Q Exactive|MS:1001911,electrospray ionization (positive),reverse phase (C18),144.mzML,not applicable,male,feces,not applicable,healthy,not applicable,not applicable,5/28/19,United States of America,not applicable,not applicable,not applicable,not applicable,MSV000084783_144.mzML,not applicable,UBERON:0001988,not applicable,3709311,9,54,Deficient,3/1/19,24.86,0.49,Deficient
145.mzML,animal,biofluid,10088|Mus,2020,"solid material, frozen",methanol-water (4:1),sulfadimethoxine,Q Exactive|MS:1001911,electrospray ionization (positive),reverse phase (C18),145.mzML,not applicable,male,feces,not applicable,healthy,not applicable,not applicable,5/28/19,United States of America,not applicable,not applicable,not applicable,not applicable,MSV000084783_145.mzML,not applicable,UBERON:0001988,not applicable,3709311,10,54,Deficient,3/1/19,25.84,0.99,Deficient
147.mzML,animal,biofluid,10088|Mus,2020,"solid material, frozen",methanol-water (4:1),sulfadimethoxine,Q Exactive|MS:1001911,electrospray ionization (positive),reverse phase (C18),147.mzML,not applicable,female,feces,not applicable,healthy,not applicable,not applicable,5/28/19,United States of America,not applicable,not applicable,not applicable,not applicable,MSV000084783_147.mzML,not applicable,UBERON:0001988,not applicable,3709310,12,54,0.6% Fe,3/1/19,19.35,0.43,0.6% Fe
148.mzML,animal,biofluid,10088|Mus,2020,"solid material, frozen",methanol-water (4:1),sulfadimethoxine,Q Exactive|MS:1001911,electrospray ionization (positive),reverse phase (C18),148.mzML,not applicable,female,feces,not applicable,healthy,not applicable,not applicable,5/28/19,United States of America,not applicable,not applicable,not applicable,not applicable,MSV000084783_148.mzML,not applicable,UBERON:0001988,not applicable,3709310,13,54,0.6% Fe,3/1/19,18.74,0.35,0.6% Fe
149.mzML,animal,biofluid,10088|Mus,2020,"solid material, frozen",methanol-water (4:1),sulfadimethoxine,Q Exactive|MS:1001911,electrospray ionization (positive),reverse phase (C18),149.mzML,not applicable,female,feces,not applicable,healthy,not applicable,not applicable,5/28/19,United States of America,not applicable,not applicable,not applicable,not applicable,MSV000084783_149.mzML,not applicable,UBERON:0001988,not applicable,3709317,14,54,0.6% Fe,3/7/19,20.03,0.83,0.6% Fe
15.mzML,animal,biofluid,10088|Mus,2020,"solid material, frozen",methanol-water (4:1),sulfadimethoxine,Q Exactive|MS:1001911,electrospray ionization (positive),reverse phase (C18),15.mzML,not applicable,female,feces,not applicable,healthy,not applicable,not applicable,,United States of America,not applicable,not applicable,not applicable,not applicable,MSV000084783_15.mzML,not applicable,UBERON:0001988,not applicable,3709317,15,0,0.6% Fe,3/7/19,,,0.6% Fe
150.mzML,animal,biofluid,10088|Mus,2020,"solid material, frozen",methanol-water (4:1),sulfadimethoxine,Q Exactive|MS:1001911,electrospray ionization (positive),reverse phase (C18),150.mzML,not applicable,female,feces,not applicable,healthy,not applicable,not applicable,5/28/19,United States of America,not applicable,not applicable,not applicable,not applicable,MSV000084783_150.mzML,not applicable,UBERON:0001988,not applicable,3709317,15,54,0.6% Fe,3/7/19,19.24,0.59,0.6% Fe
151.mzML,animal,biofluid,10088|Mus,2020,"solid material, frozen",methanol-water (4:1),sulfadimethoxine,Q Exactive|MS:1001911,electrospray ionization (positive),reverse phase (C18),151.mzML,not applicable,female,feces,not applicable,healthy,not applicable,not applicable,6/4/19,United States of America,not applicable,not applicable,not applicable,not applicable,MSV000084783_151.mzML,not applicable,UBERON:0001988,not applicable,3709314,1,61,Normal,3/7/19,21.28,1.15,Normal
152.mzML,animal,biofluid,10088|Mus,2020,"solid material, frozen",methanol-water (4:1),sulfadimethoxine,Q Exactive|MS:1001911,electrospray ionization (positive),reverse phase (C18),152.mzML,not applicable,female,feces,not applicable,healthy,not applicable,not applicable,6/4/19,United States of America,not applicable,not applicable,not applicable,not applicable,MSV000084783_152.mzML,not applicable,UBERON:0001988,not applicable,3709314,2,61,Normal,3/7/19,20.91,0.94,Normal
153.mzML,animal,biofluid,10088|Mus,2020,"solid material, frozen",methanol-water (4:1),sulfadimethoxine,Q Exactive|MS:1001911,electrospray ionization (positive),reverse phase (C18),153.mzML,not applicable,female,feces,not applicable,healthy,not applicable,not applicable,6/4/19,United States of America,not applicable,not applicable,not applicable,not applicable,MSV000084783_153.mzML,not applicable,UBERON:0001988,not applicable,3709314,3,61,Normal,3/7/19,18.16,0.16,Normal
154.mzML,animal,biofluid,10088|Mus,2020,"solid material, frozen",methanol-water (4:1),sulfadimethoxine,Q Exactive|MS:1001911,electrospray ionization (positive),reverse phase (C18),154.mzML,not applicable,female,feces,not applicable,healthy,not applicable,not applicable,6/4/19,United States of America,not applicable,not applicable,not applicable,not applicable,MSV000084783_154.mzML,not applicable,UBERON:0001988,not applicable,3709316,4,61,Normal,3/1/19,24.21,0.54,Normal
155.mzML,animal,biofluid,10088|Mus,2020,"solid material, frozen",methanol-water (4:1),sulfadimethoxine,Q Exactive|MS:1001911,electrospray ionization (positive),reverse phase (C18),155.mzML,not applicable,female,feces,not applicable,healthy,not applicable,not applicable,6/4/19,United States of America,not applicable,not applicable,not applicable,not applicable,MSV000084783_155.mzML,not applicable,UBERON:0001988,not applicable,3709316,5,61,Normal,3/1/19,23.57,0.25,Normal
156.mzML,animal,biofluid,10088|Mus,2020,"solid material, frozen",methanol-water (4:1),sulfadimethoxine,Q Exactive|MS:1001911,electrospray ionization (positive),reverse phase (C18),156.mzML,not applicable,female,feces,not applicable,healthy,not applicable,not applicable,6/4/19,United States of America,not applicable,not applicable,not applicable,not applicable,MSV000084783_156.mzML,not applicable,UBERON:0001988,not applicable,3709312,6,61,Deficient,3/4/19,13.23,-0.85,Deficient
157.mzML,animal,biofluid,10088|Mus,2020,"solid material, frozen",methanol-water (4:1),sulfadimethoxine,Q Exactive|MS:1001911,electrospray ionization (positive),reverse phase (C18),157.mzML,not applicable,female,feces,not applicable,healthy,not applicable,not applicable,6/4/19,United States of America,not applicable,not applicable,not applicable,not applicable,MSV000084783_157.mzML,not applicable,UBERON:0001988,not applicable,3709312,7,61,Deficient,3/4/19,20.4,0.75,Deficient
158.mzML,animal,biofluid,10088|Mus,2020,"solid material, frozen",methanol-water (4:1),sulfadimethoxine,Q Exactive|MS:1001911,electrospray ionization (positive),reverse phase (C18),158.mzML,not applicable,female,feces,not applicable,healthy,not applicable,not applicable,6/4/19,United States of America,not applicable,not applicable,not applicable,not applicable,MSV000084783_158.mzML,not applicable,UBERON:0001988,not applicable,3709312,8,61,Deficient,3/4/19,22.4,-0.06,Deficient
159.mzML,animal,biofluid,10088|Mus,2020,"solid material, frozen",methanol-water (4:1),sulfadimethoxine,Q Exactive|MS:1001911,electrospray ionization (positive),reverse phase (C18),159.mzML,not applicable,male,feces,not applicable,healthy,not applicable,not applicable,6/4/19,United States of America,not applicable,not applicable,not applicable,not applicable,MSV000084783_159.mzML,not applicable,UBERON:0001988,not applicable,3709311,9,61,Deficient,3/1/19,25.77,0.91,Deficient
16.mzML,animal,biofluid,10088|Mus,2020,"solid material, frozen",methanol-water (4:1),sulfadimethoxine,Q Exactive|MS:1001911,electrospray ionization (positive),reverse phase (C18),16.mzML,not applicable,female,feces,not applicable,healthy,not applicable,not applicable,,United States of America,not applicable,not applicable,not applicable,not applicable,MSV000084783_16.mzML,not applicable,UBERON:0001988,not applicable,3709314,1,4,Normal,3/7/19,,,Normal
160.mzML,animal,biofluid,10088|Mus,2020,"solid material, frozen",methanol-water (4:1),sulfadimethoxine,Q Exactive|MS:1001911,electrospray ionization (positive),reverse phase (C18),160.mzML,not applicable,male,feces,not applicable,healthy,not applicable,not applicable,6/4/19,United States of America,not applicable,not applicable,not applicable,not applicable,MSV000084783_160.mzML,not applicable,UBERON:0001988,not applicable,3709311,10,61,Deficient,3/1/19,26.12,0.28,Deficient
161.mzML,animal,biofluid,10088|Mus,2020,"solid material, frozen",methanol-water (4:1),sulfadimethoxine,Q Exactive|MS:1001911,electrospray ionization (positive),reverse phase (C18),161.mzML,not applicable,female,feces,not applicable,healthy,not applicable,not applicable,6/4/19,United States of America,not applicable,not applicable,not applicable,not applicable,MSV000084783_161.mzML,not applicable,UBERON:0001988,not applicable,3709310,11,61,0.6% Fe,3/1/19,19.06,0.36,0.6% Fe
162.mzML,animal,biofluid,10088|Mus,2020,"solid material, frozen",methanol-water (4:1),sulfadimethoxine,Q Exactive|MS:1001911,electrospray ionization (positive),reverse phase (C18),162.mzML,not applicable,female,feces,not applicable,healthy,not applicable,not applicable,6/4/19,United States of America,not applicable,not applicable,not applicable,not applicable,MSV000084783_162.mzML,not applicable,UBERON:0001988,not applicable,3709310,12,61,0.6% Fe,3/1/19,19.84,0.49,0.6% Fe
163.mzML,animal,biofluid,10088|Mus,2020,"solid material, frozen",methanol-water (4:1),sulfadimethoxine,Q Exactive|MS:1001911,electrospray ionization (positive),reverse phase (C18),163.mzML,not applicable,female,feces,not applicable,healthy,not applicable,not applicable,6/4/19,United States of America,not applicable,not applicable,not applicable,not applicable,MSV000084783_163.mzML,not applicable,UBERON:0001988,not applicable,3709310,13,61,0.6% Fe,3/1/19,19.03,0.29,0.6% Fe
164.mzML,animal,biofluid,10088|Mus,2020,"solid material, frozen",methanol-water (4:1),sulfadimethoxine,Q Exactive|MS:1001911,electrospray ionization (positive),reverse phase (C18),164.mzML,not applicable,female,feces,not applicable,healthy,not applicable,not applicable,6/4/19,United States of America,not applicable,not applicable,not applicable,not applicable,MSV000084783_164.mzML,not applicable,UBERON:0001988,not applicable,3709317,14,61,0.6% Fe,3/7/19,20.5,0.47,0.6% Fe
165.mzML,animal,biofluid,10088|Mus,2020,"solid material, frozen",methanol-water (4:1),sulfadimethoxine,Q Exactive|MS:1001911,electrospray ionization (positive),reverse phase (C18),165.mzML,not applicable,female,feces,not applicable,healthy,not applicable,not applicable,6/4/19,United States of America,not applicable,not applicable,not applicable,not applicable,MSV000084783_165.mzML,not applicable,UBERON:0001988,not applicable,3709317,15,61,0.6% Fe,3/7/19,19.61,0.37,0.6% Fe
167.mzML,animal,biofluid,10088|Mus,2020,"solid material, frozen",methanol-water (4:1),sulfadimethoxine,Q Exactive|MS:1001911,electrospray ionization (positive),reverse phase (C18),167.mzML,not applicable,female,feces,not applicable,healthy,not applicable,not applicable,6/11/19,United States of America,not applicable,not applicable,not applicable,not applicable,MSV000084783_167.mzML,not applicable,UBERON:0001988,not applicable,3709314,2,68,Normal,3/7/19,21.95,1.04,Normal
168.mzML,animal,biofluid,10088|Mus,2020,"solid material, frozen",methanol-water (4:1),sulfadimethoxine,Q Exactive|MS:1001911,electrospray ionization (positive),reverse phase (C18),168.mzML,not applicable,female,feces,not applicable,healthy,not applicable,not applicable,6/11/19,United States of America,not applicable,not applicable,not applicable,not applicable,MSV000084783_168.mzML,not applicable,UBERON:0001988,not applicable,3709314,3,68,Normal,3/7/19,18.1,-0.06,Normal
169.mzML,animal,biofluid,10088|Mus,2020,"solid material, frozen",methanol-water (4:1),sulfadimethoxine,Q Exactive|MS:1001911,electrospray ionization (positive),reverse phase (C18),169.mzML,not applicable,female,feces,not applicable,healthy,not applicable,not applicable,6/11/19,United States of America,not applicable,not applicable,not applicable,not applicable,MSV000084783_169.mzML,not applicable,UBERON:0001988,not applicable,3709316,4,68,Normal,3/1/19,24.6,0.39,Normal
17.mzML,animal,biofluid,10088|Mus,2020,"solid material, frozen",methanol-water (4:1),sulfadimethoxine,Q Exactive|MS:1001911,electrospray ionization (positive),reverse phase (C18),17.mzML,not applicable,female,feces,not applicable,healthy,not applicable,not applicable,,United States of America,not applicable,not applicable,not applicable,not applicable,MSV000084783_17.mzML,not applicable,UBERON:0001988,not applicable,3709314,2,4,Normal,3/7/19,,,Normal
170.mzML,animal,biofluid,10088|Mus,2020,"solid material, frozen",methanol-water (4:1),sulfadimethoxine,Q Exactive|MS:1001911,electrospray ionization (positive),reverse phase (C18),170.mzML,not applicable,female,feces,not applicable,healthy,not applicable,not applicable,6/11/19,United States of America,not applicable,not applicable,not applicable,not applicable,MSV000084783_170.mzML,not applicable,UBERON:0001988,not applicable,3709316,5,68,Normal,3/1/19,23.82,0.25,Normal
172.mzML,animal,biofluid,10088|Mus,2020,"solid material, frozen",methanol-water (4:1),sulfadimethoxine,Q Exactive|MS:1001911,electrospray ionization (positive),reverse phase (C18),172.mzML,not applicable,female,feces,not applicable,healthy,not applicable,not applicable,6/11/19,United States of America,not applicable,not applicable,not applicable,not applicable,MSV000084783_172.mzML,not applicable,UBERON:0001988,not applicable,3709312,7,68,Deficient,3/4/19,21.14,0.74,Deficient
173.mzML,animal,biofluid,10088|Mus,2020,"solid material, frozen",methanol-water (4:1),sulfadimethoxine,Q Exactive|MS:1001911,electrospray ionization (positive),reverse phase (C18),173.mzML,not applicable,female,feces,not applicable,healthy,not applicable,not applicable,6/11/19,United States of America,not applicable,not applicable,not applicable,not applicable,MSV000084783_173.mzML,not applicable,UBERON:0001988,not applicable,3709312,8,68,Deficient,3/4/19,23.3,0.9,Deficient
174.mzML,animal,biofluid,10088|Mus,2020,"solid material, frozen",methanol-water (4:1),sulfadimethoxine,Q Exactive|MS:1001911,electrospray ionization (positive),reverse phase (C18),174.mzML,not applicable,male,feces,not applicable,healthy,not applicable,not applicable,6/11/19,United States of America,not applicable,not applicable,not applicable,not applicable,MSV000084783_174.mzML,not applicable,UBERON:0001988,not applicable,3709311,9,68,Deficient,3/1/19,26.2,0.43,Deficient
175.mzML,animal,biofluid,10088|Mus,2020,"solid material, frozen",methanol-water (4:1),sulfadimethoxine,Q Exactive|MS:1001911,electrospray ionization (positive),reverse phase (C18),175.mzML,not applicable,male,feces,not applicable,healthy,not applicable,not applicable,6/11/19,United States of America,not applicable,not applicable,not applicable,not applicable,MSV000084783_175.mzML,not applicable,UBERON:0001988,not applicable,3709311,10,68,Deficient,3/1/19,26.27,0.15,Deficient
177.mzML,animal,biofluid,10088|Mus,2020,"solid material, frozen",methanol-water (4:1),sulfadimethoxine,Q Exactive|MS:1001911,electrospray ionization (positive),reverse phase (C18),177.mzML,not applicable,female,feces,not applicable,healthy,not applicable,not applicable,6/11/19,United States of America,not applicable,not applicable,not applicable,not applicable,MSV000084783_177.mzML,not applicable,UBERON:0001988,not applicable,3709310,12,68,0.6% Fe,3/1/19,20.4,0.56,0.6% Fe
178.mzML,animal,biofluid,10088|Mus,2020,"solid material, frozen",methanol-water (4:1),sulfadimethoxine,Q Exactive|MS:1001911,electrospray ionization (positive),reverse phase (C18),178.mzML,not applicable,female,feces,not applicable,healthy,not applicable,not applicable,6/11/19,United States of America,not applicable,not applicable,not applicable,not applicable,MSV000084783_178.mzML,not applicable,UBERON:0001988,not applicable,3709310,13,68,0.6% Fe,3/1/19,20,0.97,0.6% Fe
179.mzML,animal,biofluid,10088|Mus,2020,"solid material, frozen",methanol-water (4:1),sulfadimethoxine,Q Exactive|MS:1001911,electrospray ionization (positive),reverse phase (C18),179.mzML,not applicable,female,feces,not applicable,healthy,not applicable,not applicable,6/11/19,United States of America,not applicable,not applicable,not applicable,not applicable,MSV000084783_179.mzML,not applicable,UBERON:0001988,not applicable,3709317,14,68,0.6% Fe,3/7/19,21.52,1.02,0.6% Fe
18.mzML,animal,biofluid,10088|Mus,2020,"solid material, frozen",methanol-water (4:1),sulfadimethoxine,Q Exactive|MS:1001911,electrospray ionization (positive),reverse phase (C18),18.mzML,not applicable,female,feces,not applicable,healthy,not applicable,not applicable,,United States of America,not applicable,not applicable,not applicable,not applicable,MSV000084783_18.mzML,not applicable,UBERON:0001988,not applicable,3709314,3,4,Normal,3/7/19,,,Normal
180.mzML,animal,biofluid,10088|Mus,2020,"solid material, frozen",methanol-water (4:1),sulfadimethoxine,Q Exactive|MS:1001911,electrospray ionization (positive),reverse phase (C18),180.mzML,not applicable,female,feces,not applicable,healthy,not applicable,not applicable,6/11/19,United States of America,not applicable,not applicable,not applicable,not applicable,MSV000084783_180.mzML,not applicable,UBERON:0001988,not applicable,3709317,15,68,0.6% Fe,3/7/19,20.8,1.19,0.6% Fe
181.mzML,animal,biofluid,10088|Mus,2020,"solid material, frozen",methanol-water (4:1),sulfadimethoxine,Q Exactive|MS:1001911,electrospray ionization (positive),reverse phase (C18),181.mzML,not applicable,female,feces,not applicable,healthy,not applicable,not applicable,6/19/19,United States of America,not applicable,not applicable,not applicable,not applicable,MSV000084783_181.mzML,not applicable,UBERON:0001988,not applicable,3709314,1,75,Normal,3/7/19,22.83,1.49,Switch_N
182.mzML,animal,biofluid,10088|Mus,2020,"solid material, frozen",methanol-water (4:1),sulfadimethoxine,Q Exactive|MS:1001911,electrospray ionization (positive),reverse phase (C18),182.mzML,not applicable,female,feces,not applicable,healthy,not applicable,not applicable,6/19/19,United States of America,not applicable,not applicable,not applicable,not applicable,MSV000084783_182.mzML,not applicable,UBERON:0001988,not applicable,3709314,2,75,Normal,3/7/19,21.1,-0.85,Switch_N
183.mzML,animal,biofluid,10088|Mus,2020,"solid material, frozen",methanol-water (4:1),sulfadimethoxine,Q Exactive|MS:1001911,electrospray ionization (positive),reverse phase (C18),183.mzML,not applicable,female,feces,not applicable,healthy,not applicable,not applicable,6/19/19,United States of America,not applicable,not applicable,not applicable,not applicable,MSV000084783_183.mzML,not applicable,UBERON:0001988,not applicable,3709314,3,75,Normal,3/7/19,18.65,0.55,Switch_N
184.mzML,animal,biofluid,10088|Mus,2020,"solid material, frozen",methanol-water (4:1),sulfadimethoxine,Q Exactive|MS:1001911,electrospray ionization (positive),reverse phase (C18),184.mzML,not applicable,female,feces,not applicable,healthy,not applicable,not applicable,6/19/19,United States of America,not applicable,not applicable,not applicable,not applicable,MSV000084783_184.mzML,not applicable,UBERON:0001988,not applicable,3709316,4,75,Normal,3/1/19,26.29,1.69,Switch_N
185.mzML,animal,biofluid,10088|Mus,2020,"solid material, frozen",methanol-water (4:1),sulfadimethoxine,Q Exactive|MS:1001911,electrospray ionization (positive),reverse phase (C18),185.mzML,not applicable,female,feces,not applicable,healthy,not applicable,not applicable,6/19/19,United States of America,not applicable,not applicable,not applicable,not applicable,MSV000084783_185.mzML,not applicable,UBERON:0001988,not applicable,3709316,5,75,Normal,3/1/19,25.38,1.56,Switch_N
186.mzML,animal,biofluid,10088|Mus,2020,"solid material, frozen",methanol-water (4:1),sulfadimethoxine,Q Exactive|MS:1001911,electrospray ionization (positive),reverse phase (C18),186.mzML,not applicable,female,feces,not applicable,healthy,not applicable,not applicable,6/19/19,United States of America,not applicable,not applicable,not applicable,not applicable,MSV000084783_186.mzML,not applicable,UBERON:0001988,not applicable,3709312,6,75,Deficient,3/4/19,11.45,-1.16,Switch_N
187.mzML,animal,biofluid,10088|Mus,2020,"solid material, frozen",methanol-water (4:1),sulfadimethoxine,Q Exactive|MS:1001911,electrospray ionization (positive),reverse phase (C18),187.mzML,not applicable,female,feces,not applicable,healthy,not applicable,not applicable,6/19/19,United States of America,not applicable,not applicable,not applicable,not applicable,MSV000084783_187.mzML,not applicable,UBERON:0001988,not applicable,3709312,7,75,Deficient,3/4/19,21.9,0.76,Switch_N
188.mzML,animal,biofluid,10088|Mus,2020,"solid material, frozen",methanol-water (4:1),sulfadimethoxine,Q Exactive|MS:1001911,electrospray ionization (positive),reverse phase (C18),188.mzML,not applicable,female,feces,not applicable,healthy,not applicable,not applicable,6/19/19,United States of America,not applicable,not applicable,not applicable,not applicable,MSV000084783_188.mzML,not applicable,UBERON:0001988,not applicable,3709312,8,75,Deficient,3/4/19,24.78,1.48,Switch_N
189.mzML,animal,biofluid,10088|Mus,2020,"solid material, frozen",methanol-water (4:1),sulfadimethoxine,Q Exactive|MS:1001911,electrospray ionization (positive),reverse phase (C18),189.mzML,not applicable,male,feces,not applicable,healthy,not applicable,not applicable,6/19/19,United States of America,not applicable,not applicable,not applicable,not applicable,MSV000084783_189.mzML,not applicable,UBERON:0001988,not applicable,3709311,9,75,Deficient,3/1/19,26.76,0.56,Switch_N
19.mzML,animal,biofluid,10088|Mus,2020,"solid material, frozen",methanol-water (4:1),sulfadimethoxine,Q Exactive|MS:1001911,electrospray ionization (positive),reverse phase (C18),19.mzML,not applicable,female,feces,not applicable,healthy,not applicable,not applicable,,United States of America,not applicable,not applicable,not applicable,not applicable,MSV000084783_19.mzML,not applicable,UBERON:0001988,not applicable,3709316,4,4,Normal,3/1/19,,,Switch_N
190.mzML,animal,biofluid,10088|Mus,2020,"solid material, frozen",methanol-water (4:1),sulfadimethoxine,Q Exactive|MS:1001911,electrospray ionization (positive),reverse phase (C18),190.mzML,not applicable,male,feces,not applicable,healthy,not applicable,not applicable,6/19/19,United States of America,not applicable,not applicable,not applicable,not applicable,MSV000084783_190.mzML,not applicable,UBERON:0001988,not applicable,3709311,10,75,Deficient,3/1/19,26.85,0.58,Switch_N
191.mzML,animal,biofluid,10088|Mus,2020,"solid material, frozen",methanol-water (4:1),sulfadimethoxine,Q Exactive|MS:1001911,electrospray ionization (positive),reverse phase (C18),191.mzML,not applicable,female,feces,not applicable,healthy,not applicable,not applicable,6/19/19,United States of America,not applicable,not applicable,not applicable,not applicable,MSV000084783_191.mzML,not applicable,UBERON:0001988,not applicable,3709310,11,75,0.6% Fe,3/1/19,20.22,0.78,Switch_N
192.mzML,animal,biofluid,10088|Mus,2020,"solid material, frozen",methanol-water (4:1),sulfadimethoxine,Q Exactive|MS:1001911,electrospray ionization (positive),reverse phase (C18),192.mzML,not applicable,female,feces,not applicable,healthy,not applicable,not applicable,6/19/19,United States of America,not applicable,not applicable,not applicable,not applicable,MSV000084783_192.mzML,not applicable,UBERON:0001988,not applicable,3709310,12,75,0.6% Fe,3/1/19,21.16,0.76,Switch_N
193.mzML,animal,biofluid,10088|Mus,2020,"solid material, frozen",methanol-water (4:1),sulfadimethoxine,Q Exactive|MS:1001911,electrospray ionization (positive),reverse phase (C18),193.mzML,not applicable,female,feces,not applicable,healthy,not applicable,not applicable,6/19/19,United States of America,not applicable,not applicable,not applicable,not applicable,MSV000084783_193.mzML,not applicable,UBERON:0001988,not applicable,3709310,13,75,0.6% Fe,3/1/19,20.48,0.48,Switch_N
194.mzML,animal,biofluid,10088|Mus,2020,"solid material, frozen",methanol-water (4:1),sulfadimethoxine,Q Exactive|MS:1001911,electrospray ionization (positive),reverse phase (C18),194.mzML,not applicable,female,feces,not applicable,healthy,not applicable,not applicable,6/19/19,United States of America,not applicable,not applicable,not applicable,not applicable,MSV000084783_194.mzML,not applicable,UBERON:0001988,not applicable,3709317,14,75,0.6% Fe,3/7/19,21.7,0.18,Switch_N
195.mzML,animal,biofluid,10088|Mus,2020,"solid material, frozen",methanol-water (4:1),sulfadimethoxine,Q Exactive|MS:1001911,electrospray ionization (positive),reverse phase (C18),195.mzML,not applicable,female,feces,not applicable,healthy,not applicable,not applicable,6/19/19,United States of America,not applicable,not applicable,not applicable,not applicable,MSV000084783_195.mzML,not applicable,UBERON:0001988,not applicable,3709317,15,75,0.6% Fe,3/7/19,21.28,0.48,Switch_N
197.mzML,animal,biofluid,10088|Mus,2020,"solid material, frozen",methanol-water (4:1),sulfadimethoxine,Q Exactive|MS:1001911,electrospray ionization (positive),reverse phase (C18),197.mzML,not applicable,female,feces,not applicable,healthy,not applicable,not applicable,6/25/19,United States of America,not applicable,not applicable,not applicable,not applicable,MSV000084783_197.mzML,not applicable,UBERON:0001988,not applicable,3709314,2,82,Normal,3/7/19,22.09,0.99,Switch_N
198.mzML,animal,biofluid,10088|Mus,2020,"solid material, frozen",methanol-water (4:1),sulfadimethoxine,Q Exactive|MS:1001911,electrospray ionization (positive),reverse phase (C18),198.mzML,not applicable,female,feces,not applicable,healthy,not applicable,not applicable,6/25/19,United States of America,not applicable,not applicable,not applicable,not applicable,MSV000084783_198.mzML,not applicable,UBERON:0001988,not applicable,3709314,3,82,Normal,3/7/19,18.74,0.09,Switch_N
199.mzML,animal,biofluid,10088|Mus,2020,"solid material, frozen",methanol-water (4:1),sulfadimethoxine,Q Exactive|MS:1001911,electrospray ionization (positive),reverse phase (C18),199.mzML,not applicable,female,feces,not applicable,healthy,not applicable,not applicable,6/25/19,United States of America,not applicable,not applicable,not applicable,not applicable,MSV000084783_199.mzML,not applicable,UBERON:0001988,not applicable,3709316,4,82,Normal,3/1/19,25.78,-0.51,Switch_N
2.mzML,animal,biofluid,10088|Mus,2020,"solid material, frozen",methanol-water (4:1),sulfadimethoxine,Q Exactive|MS:1001911,electrospray ionization (positive),reverse phase (C18),2.mzML,not applicable,female,feces,not applicable,healthy,not applicable,not applicable,,United States of America,not applicable,not applicable,not applicable,not applicable,MSV000084783_2.mzML,not applicable,UBERON:0001988,not applicable,3709314,2,0,Normal,3/7/19,,,Switch_N
200.mzML,animal,biofluid,10088|Mus,2020,"solid material, frozen",methanol-water (4:1),sulfadimethoxine,Q Exactive|MS:1001911,electrospray ionization (positive),reverse phase (C18),200.mzML,not applicable,female,feces,not applicable,healthy,not applicable,not applicable,6/25/19,United States of America,not applicable,not applicable,not applicable,not applicable,MSV000084783_200.mzML,not applicable,UBERON:0001988,not applicable,3709316,5,82,Normal,3/1/19,25.12,-0.26,Switch_N
202.mzML,animal,biofluid,10088|Mus,2020,"solid material, frozen",methanol-water (4:1),sulfadimethoxine,Q Exactive|MS:1001911,electrospray ionization (positive),reverse phase (C18),202.mzML,not applicable,female,feces,not applicable,healthy,not applicable,not applicable,6/25/19,United States of America,not applicable,not applicable,not applicable,not applicable,MSV000084783_202.mzML,not applicable,UBERON:0001988,not applicable,3709312,7,82,Deficient,3/4/19,20.75,-1.15,Switch_N
203.mzML,animal,biofluid,10088|Mus,2020,"solid material, frozen",methanol-water (4:1),sulfadimethoxine,Q Exactive|MS:1001911,electrospray ionization (positive),reverse phase (C18),203.mzML,not applicable,female,feces,not applicable,healthy,not applicable,not applicable,6/25/19,United States of America,not applicable,not applicable,not applicable,not applicable,MSV000084783_203.mzML,not applicable,UBERON:0001988,not applicable,3709312,8,82,Deficient,3/4/19,24.35,-0.43,Switch_N
204.mzML,animal,biofluid,10088|Mus,2020,"solid material, frozen",methanol-water (4:1),sulfadimethoxine,Q Exactive|MS:1001911,electrospray ionization (positive),reverse phase (C18),204.mzML,not applicable,male,feces,not applicable,healthy,not applicable,not applicable,6/25/19,United States of America,not applicable,not applicable,not applicable,not applicable,MSV000084783_204.mzML,not applicable,UBERON:0001988,not applicable,3709311,9,82,Deficient,3/1/19,26.5,-0.26,Switch_N
205.mzML,animal,biofluid,10088|Mus,2020,"solid material, frozen",methanol-water (4:1),sulfadimethoxine,Q Exactive|MS:1001911,electrospray ionization (positive),reverse phase (C18),205.mzML,not applicable,male,feces,not applicable,healthy,not applicable,not applicable,6/25/19,United States of America,not applicable,not applicable,not applicable,not applicable,MSV000084783_205.mzML,not applicable,UBERON:0001988,not applicable,3709311,10,82,Deficient,3/1/19,26.6,-0.25,Switch_N
207.mzML,animal,biofluid,10088|Mus,2020,"solid material, frozen",methanol-water (4:1),sulfadimethoxine,Q Exactive|MS:1001911,electrospray ionization (positive),reverse phase (C18),207.mzML,not applicable,female,feces,not applicable,healthy,not applicable,not applicable,6/25/19,United States of America,not applicable,not applicable,not applicable,not applicable,MSV000084783_207.mzML,not applicable,UBERON:0001988,not applicable,3709310,12,82,0.6% Fe,3/1/19,22.2,1.04,Switch_N
208.mzML,animal,biofluid,10088|Mus,2020,"solid material, frozen",methanol-water (4:1),sulfadimethoxine,Q Exactive|MS:1001911,electrospray ionization (positive),reverse phase (C18),208.mzML,not applicable,female,feces,not applicable,healthy,not applicable,not applicable,6/25/19,United States of America,not applicable,not applicable,not applicable,not applicable,MSV000084783_208.mzML,not applicable,UBERON:0001988,not applicable,3709310,13,82,0.6% Fe,3/1/19,21.35,0.87,Switch_N
21.mzML,animal,biofluid,10088|Mus,2020,"solid material, frozen",methanol-water (4:1),sulfadimethoxine,Q Exactive|MS:1001911,electrospray ionization (positive),reverse phase (C18),21.mzML,not applicable,female,feces,not applicable,healthy,not applicable,not applicable,,United States of America,not applicable,not applicable,not applicable,not applicable,MSV000084783_21.mzML,not applicable,UBERON:0001988,not applicable,3709312,6,4,Deficient,3/4/19,,,Switch_N
210.mzML,animal,biofluid,10088|Mus,2020,"solid material, frozen",methanol-water (4:1),sulfadimethoxine,Q Exactive|MS:1001911,electrospray ionization (positive),reverse phase (C18),210.mzML,not applicable,female,feces,not applicable,healthy,not applicable,not applicable,6/25/19,United States of America,not applicable,not applicable,not applicable,not applicable,MSV000084783_210.mzML,not applicable,UBERON:0001988,not applicable,3709317,15,82,0.6% Fe,3/7/19,22.78,1.5,Switch_N
211.mzML,animal,biofluid,10088|Mus,2020,"solid material, frozen",methanol-water (4:1),sulfadimethoxine,Q Exactive|MS:1001911,electrospray ionization (positive),reverse phase (C18),211.mzML,not applicable,female,feces,not applicable,healthy,not applicable,not applicable,7/9/19,United States of America,not applicable,not applicable,not applicable,not applicable,MSV000084783_211.mzML,not applicable,UBERON:0001988,not applicable,3709314,1,96,Normal,3/7/19,22.4,-0.67,Switch_N
212.mzML,animal,biofluid,10088|Mus,2020,"solid material, frozen",methanol-water (4:1),sulfadimethoxine,Q Exactive|MS:1001911,electrospray ionization (positive),reverse phase (C18),212.mzML,not applicable,female,feces,not applicable,healthy,not applicable,not applicable,7/9/19,United States of America,not applicable,not applicable,not applicable,not applicable,MSV000084783_212.mzML,not applicable,UBERON:0001988,not applicable,3709314,2,96,Normal,3/7/19,21.84,-0.25,Switch_N
213.mzML,animal,biofluid,10088|Mus,2020,"solid material, frozen",methanol-water (4:1),sulfadimethoxine,Q Exactive|MS:1001911,electrospray ionization (positive),reverse phase (C18),213.mzML,not applicable,female,feces,not applicable,healthy,not applicable,not applicable,7/9/19,United States of America,not applicable,not applicable,not applicable,not applicable,MSV000084783_213.mzML,not applicable,UBERON:0001988,not applicable,3709314,3,96,Normal,3/7/19,19.38,0.64,Switch_N
214.mzML,animal,biofluid,10088|Mus,2020,"solid material, frozen",methanol-water (4:1),sulfadimethoxine,Q Exactive|MS:1001911,electrospray ionization (positive),reverse phase (C18),214.mzML,not applicable,female,feces,not applicable,healthy,not applicable,not applicable,7/9/19,United States of America,not applicable,not applicable,not applicable,not applicable,MSV000084783_214.mzML,not applicable,UBERON:0001988,not applicable,3709316,4,96,Normal,3/1/19,25.4,-0.38,Switch_N
215.mzML,animal,biofluid,10088|Mus,2020,"solid material, frozen",methanol-water (4:1),sulfadimethoxine,Q Exactive|MS:1001911,electrospray ionization (positive),reverse phase (C18),215.mzML,not applicable,female,feces,not applicable,healthy,not applicable,not applicable,7/9/19,United States of America,not applicable,not applicable,not applicable,not applicable,MSV000084783_215.mzML,not applicable,UBERON:0001988,not applicable,3709316,5,96,Normal,3/1/19,25.46,0.34,Switch_N
216.mzML,animal,biofluid,10088|Mus,2020,"solid material, frozen",methanol-water (4:1),sulfadimethoxine,Q Exactive|MS:1001911,electrospray ionization (positive),reverse phase (C18),216.mzML,not applicable,female,feces,not applicable,healthy,not applicable,not applicable,7/9/19,United States of America,not applicable,not applicable,not applicable,not applicable,MSV000084783_216.mzML,not applicable,UBERON:0001988,not applicable,3709312,6,96,Deficient,3/4/19,17.1,6.05,Switch_N
217.mzML,animal,biofluid,10088|Mus,2020,"solid material, frozen",methanol-water (4:1),sulfadimethoxine,Q Exactive|MS:1001911,electrospray ionization (positive),reverse phase (C18),217.mzML,not applicable,female,feces,not applicable,healthy,not applicable,not applicable,7/9/19,United States of America,not applicable,not applicable,not applicable,not applicable,MSV000084783_217.mzML,not applicable,UBERON:0001988,not applicable,3709312,7,96,Deficient,3/4/19,22.6,1.85,Switch_N
218.mzML,animal,biofluid,10088|Mus,2020,"solid material, frozen",methanol-water (4:1),sulfadimethoxine,Q Exactive|MS:1001911,electrospray ionization (positive),reverse phase (C18),218.mzML,not applicable,female,feces,not applicable,healthy,not applicable,not applicable,7/9/19,United States of America,not applicable,not applicable,not applicable,not applicable,MSV000084783_218.mzML,not applicable,UBERON:0001988,not applicable,3709312,8,96,Deficient,3/4/19,25.1,0.75,Switch_N
219.mzML,animal,biofluid,10088|Mus,2020,"solid material, frozen",methanol-water (4:1),sulfadimethoxine,Q Exactive|MS:1001911,electrospray ionization (positive),reverse phase (C18),219.mzML,not applicable,male,feces,not applicable,healthy,not applicable,not applicable,7/9/19,United States of America,not applicable,not applicable,not applicable,not applicable,MSV000084783_219.mzML,not applicable,UBERON:0001988,not applicable,3709311,9,96,Deficient,3/1/19,27.5,1,Switch_N
22.mzML,animal,biofluid,10088|Mus,2020,"solid material, frozen",methanol-water (4:1),sulfadimethoxine,Q Exactive|MS:1001911,electrospray ionization (positive),reverse phase (C18),22.mzML,not applicable,female,feces,not applicable,healthy,not applicable,not applicable,,United States of America,not applicable,not applicable,not applicable,not applicable,MSV000084783_22.mzML,not applicable,UBERON:0001988,not applicable,3709312,7,4,Deficient,3/4/19,,,Switch_N
220.mzML,animal,biofluid,10088|Mus,2020,"solid material, frozen",methanol-water (4:1),sulfadimethoxine,Q Exactive|MS:1001911,electrospray ionization (positive),reverse phase (C18),220.mzML,not applicable,male,feces,not applicable,healthy,not applicable,not applicable,7/9/19,United States of America,not applicable,not applicable,not applicable,not applicable,MSV000084783_220.mzML,not applicable,UBERON:0001988,not applicable,3709311,10,96,Deficient,3/1/19,27.8,1.2,Switch_N
221.mzML,animal,biofluid,10088|Mus,2020,"solid material, frozen",methanol-water (4:1),sulfadimethoxine,Q Exactive|MS:1001911,electrospray ionization (positive),reverse phase (C18),221.mzML,not applicable,female,feces,not applicable,healthy,not applicable,not applicable,7/9/19,United States of America,not applicable,not applicable,not applicable,not applicable,MSV000084783_221.mzML,not applicable,UBERON:0001988,not applicable,3709310,11,96,0.6% Fe,3/1/19,21.2,0.9,Switch_N
222.mzML,animal,biofluid,10088|Mus,2020,"solid material, frozen",methanol-water (4:1),sulfadimethoxine,Q Exactive|MS:1001911,electrospray ionization (positive),reverse phase (C18),222.mzML,not applicable,female,feces,not applicable,healthy,not applicable,not applicable,7/9/19,United States of America,not applicable,not applicable,not applicable,not applicable,MSV000084783_222.mzML,not applicable,UBERON:0001988,not applicable,3709310,12,96,0.6% Fe,3/1/19,22.1,-0.1,Switch_N
223.mzML,animal,biofluid,10088|Mus,2020,"solid material, frozen",methanol-water (4:1),sulfadimethoxine,Q Exactive|MS:1001911,electrospray ionization (positive),reverse phase (C18),223.mzML,not applicable,female,feces,not applicable,healthy,not applicable,not applicable,7/9/19,United States of America,not applicable,not applicable,not applicable,not applicable,MSV000084783_223.mzML,not applicable,UBERON:0001988,not applicable,3709310,13,96,0.6% Fe,3/1/19,21.2,-0.15,Switch_N
224.mzML,animal,biofluid,10088|Mus,2020,"solid material, frozen",methanol-water (4:1),sulfadimethoxine,Q Exactive|MS:1001911,electrospray ionization (positive),reverse phase (C18),224.mzML,not applicable,female,feces,not applicable,healthy,not applicable,not applicable,7/9/19,United States of America,not applicable,not applicable,not applicable,not applicable,MSV000084783_224.mzML,not applicable,UBERON:0001988,not applicable,3709317,14,96,0.6% Fe,3/7/19,22.7,0.43,Switch_N
225.mzML,animal,biofluid,10088|Mus,2020,"solid material, frozen",methanol-water (4:1),sulfadimethoxine,Q Exactive|MS:1001911,electrospray ionization (positive),reverse phase (C18),225.mzML,not applicable,female,feces,not applicable,healthy,not applicable,not applicable,7/9/19,United States of America,not applicable,not applicable,not applicable,not applicable,MSV000084783_225.mzML,not applicable,UBERON:0001988,not applicable,3709317,15,96,0.6% Fe,3/7/19,22.87,0.09,Switch_N
23.mzML,animal,biofluid,10088|Mus,2020,"solid material, frozen",methanol-water (4:1),sulfadimethoxine,Q Exactive|MS:1001911,electrospray ionization (positive),reverse phase (C18),23.mzML,not applicable,female,feces,not applicable,healthy,not applicable,not applicable,,United States of America,not applicable,not applicable,not applicable,not applicable,MSV000084783_23.mzML,not applicable,UBERON:0001988,not applicable,3709312,8,4,Deficient,3/4/19,,,Switch_N
24.mzML,animal,biofluid,10088|Mus,2020,"solid material, frozen",methanol-water (4:1),sulfadimethoxine,Q Exactive|MS:1001911,electrospray ionization (positive),reverse phase (C18),24.mzML,not applicable,male,feces,not applicable,healthy,not applicable,not applicable,,United States of America,not applicable,not applicable,not applicable,not applicable,MSV000084783_24.mzML,not applicable,UBERON:0001988,not applicable,3709311,9,4,Deficient,3/1/19,,,Switch_N
25.mzML,animal,biofluid,10088|Mus,2020,"solid material, frozen",methanol-water (4:1),sulfadimethoxine,Q Exactive|MS:1001911,electrospray ionization (positive),reverse phase (C18),25.mzML,not applicable,male,feces,not applicable,healthy,not applicable,not applicable,,United States of America,not applicable,not applicable,not applicable,not applicable,MSV000084783_25.mzML,not applicable,UBERON:0001988,not applicable,3709311,10,4,Deficient,3/1/19,,,Switch_N
26.mzML,animal,biofluid,10088|Mus,2020,"solid material, frozen",methanol-water (4:1),sulfadimethoxine,Q Exactive|MS:1001911,electrospray ionization (positive),reverse phase (C18),26.mzML,not applicable,female,feces,not applicable,healthy,not applicable,not applicable,,United States of America,not applicable,not applicable,not applicable,not applicable,MSV000084783_26.mzML,not applicable,UBERON:0001988,not applicable,3709310,11,4,0.6% Fe,3/1/19,,,Switch_N
27.mzML,animal,biofluid,10088|Mus,2020,"solid material, frozen",methanol-water (4:1),sulfadimethoxine,Q Exactive|MS:1001911,electrospray ionization (positive),reverse phase (C18),27.mzML,not applicable,female,feces,not applicable,healthy,not applicable,not applicable,,United States of America,not applicable,not applicable,not applicable,not applicable,MSV000084783_27.mzML,not applicable,UBERON:0001988,not applicable,3709310,12,4,0.6% Fe,3/1/19,,,Switch_N
28.mzML,animal,biofluid,10088|Mus,2020,"solid material, frozen",methanol-water (4:1),sulfadimethoxine,Q Exactive|MS:1001911,electrospray ionization (positive),reverse phase (C18),28.mzML,not applicable,female,feces,not applicable,healthy,not applicable,not applicable,,United States of America,not applicable,not applicable,not applicable,not applicable,MSV000084783_28.mzML,not applicable,UBERON:0001988,not applicable,3709310,13,4,0.6% Fe,3/1/19,,,Switch_N
29.mzML,animal,biofluid,10088|Mus,2020,"solid material, frozen",methanol-water (4:1),sulfadimethoxine,Q Exactive|MS:1001911,electrospray ionization (positive),reverse phase (C18),29.mzML,not applicable,female,feces,not applicable,healthy,not applicable,not applicable,,United States of America,not applicable,not applicable,not applicable,not applicable,MSV000084783_29.mzML,not applicable,UBERON:0001988,not applicable,3709317,14,4,0.6% Fe,3/7/19,,,Switch_N
3.mzML,animal,biofluid,10088|Mus,2020,"solid material, frozen",methanol-water (4:1),sulfadimethoxine,Q Exactive|MS:1001911,electrospray ionization (positive),reverse phase (C18),3.mzML,not applicable,female,feces,not applicable,healthy,not applicable,not applicable,,United States of America,not applicable,not applicable,not applicable,not applicable,MSV000084783_3.mzML,not applicable,UBERON:0001988,not applicable,3709314,3,0,Normal,3/7/19,,,Switch_N
30.mzML,animal,biofluid,10088|Mus,2020,"solid material, frozen",methanol-water (4:1),sulfadimethoxine,Q Exactive|MS:1001911,electrospray ionization (positive),reverse phase (C18),30.mzML,not applicable,female,feces,not applicable,healthy,not applicable,not applicable,,United States of America,not applicable,not applicable,not applicable,not applicable,MSV000084783_30.mzML,not applicable,UBERON:0001988,not applicable,3709317,15,4,0.6% Fe,3/7/19,,,Switch_N
32.mzML,animal,biofluid,10088|Mus,2020,"solid material, frozen",methanol-water (4:1),sulfadimethoxine,Q Exactive|MS:1001911,electrospray ionization (positive),reverse phase (C18),32.mzML,not applicable,female,feces,not applicable,healthy,not applicable,not applicable,,United States of America,not applicable,not applicable,not applicable,not applicable,MSV000084783_32.mzML,not applicable,UBERON:0001988,not applicable,3709314,2,8,Normal,3/7/19,13.02,,Switch_N
33.mzML,animal,biofluid,10088|Mus,2020,"solid material, frozen",methanol-water (4:1),sulfadimethoxine,Q Exactive|MS:1001911,electrospray ionization (positive),reverse phase (C18),33.mzML,not applicable,female,feces,not applicable,healthy,not applicable,not applicable,,United States of America,not applicable,not applicable,not applicable,not applicable,MSV000084783_33.mzML,not applicable,UBERON:0001988,not applicable,3709314,3,8,Normal,3/7/19,11.08,,Switch_N
34.mzML,animal,biofluid,10088|Mus,2020,"solid material, frozen",methanol-water (4:1),sulfadimethoxine,Q Exactive|MS:1001911,electrospray ionization (positive),reverse phase (C18),34.mzML,not applicable,female,feces,not applicable,healthy,not applicable,not applicable,,United States of America,not applicable,not applicable,not applicable,not applicable,MSV000084783_34.mzML,not applicable,UBERON:0001988,not applicable,3709316,4,8,Normal,3/1/19,17.74,,Switch_N
35.mzML,animal,biofluid,10088|Mus,2020,"solid material, frozen",methanol-water (4:1),sulfadimethoxine,Q Exactive|MS:1001911,electrospray ionization (positive),reverse phase (C18),35.mzML,not applicable,female,feces,not applicable,healthy,not applicable,not applicable,,United States of America,not applicable,not applicable,not applicable,not applicable,MSV000084783_35.mzML,not applicable,UBERON:0001988,not applicable,3709316,5,8,Normal,3/1/19,16.95,,Switch_N
36.mzML,animal,biofluid,10088|Mus,2020,"solid material, frozen",methanol-water (4:1),sulfadimethoxine,Q Exactive|MS:1001911,electrospray ionization (positive),reverse phase (C18),36.mzML,not applicable,female,feces,not applicable,healthy,not applicable,not applicable,,United States of America,not applicable,not applicable,not applicable,not applicable,MSV000084783_36.mzML,not applicable,UBERON:0001988,not applicable,3709312,6,8,Deficient,3/4/19,11.06,,Switch_N
38.mzML,animal,biofluid,10088|Mus,2020,"solid material, frozen",methanol-water (4:1),sulfadimethoxine,Q Exactive|MS:1001911,electrospray ionization (positive),reverse phase (C18),38.mzML,not applicable,female,feces,not applicable,healthy,not applicable,not applicable,,United States of America,not applicable,not applicable,not applicable,not applicable,MSV000084783_38.mzML,not applicable,UBERON:0001988,not applicable,3709312,8,8,Deficient,3/4/19,17.24,,Switch_N
39.mzML,animal,biofluid,10088|Mus,2020,"solid material, frozen",methanol-water (4:1),sulfadimethoxine,Q Exactive|MS:1001911,electrospray ionization (positive),reverse phase (C18),39.mzML,not applicable,male,feces,not applicable,healthy,not applicable,not applicable,,United States of America,not applicable,not applicable,not applicable,not applicable,MSV000084783_39.mzML,not applicable,UBERON:0001988,not applicable,3709311,9,8,Deficient,3/1/19,17.7,,Switch_N
4.mzML,animal,biofluid,10088|Mus,2020,"solid material, frozen",methanol-water (4:1),sulfadimethoxine,Q Exactive|MS:1001911,electrospray ionization (positive),reverse phase (C18),4.mzML,not applicable,female,feces,not applicable,healthy,not applicable,not applicable,,United States of America,not applicable,not applicable,not applicable,not applicable,MSV000084783_4.mzML,not applicable,UBERON:0001988,not applicable,3709316,4,0,Normal,3/1/19,,,Switch_N
40.mzML,animal,biofluid,10088|Mus,2020,"solid material, frozen",methanol-water (4:1),sulfadimethoxine,Q Exactive|MS:1001911,electrospray ionization (positive),reverse phase (C18),40.mzML,not applicable,male,feces,not applicable,healthy,not applicable,not applicable,,United States of America,not applicable,not applicable,not applicable,not applicable,MSV000084783_40.mzML,not applicable,UBERON:0001988,not applicable,3709311,10,8,Deficient,3/1/19,15.33,,Switch_N
42.mzML,animal,biofluid,10088|Mus,2020,"solid material, frozen",methanol-water (4:1),sulfadimethoxine,Q Exactive|MS:1001911,electrospray ionization (positive),reverse phase (C18),42.mzML,not applicable,female,feces,not applicable,healthy,not applicable,not applicable,,United States of America,not applicable,not applicable,not applicable,not applicable,MSV000084783_42.mzML,not applicable,UBERON:0001988,not applicable,3709310,12,8,0.6% Fe,3/1/19,15.52,,Switch_N
43.mzML,animal,biofluid,10088|Mus,2020,"solid material, frozen",methanol-water (4:1),sulfadimethoxine,Q Exactive|MS:1001911,electrospray ionization (positive),reverse phase (C18),43.mzML,not applicable,female,feces,not applicable,healthy,not applicable,not applicable,,United States of America,not applicable,not applicable,not applicable,not applicable,MSV000084783_43.mzML,not applicable,UBERON:0001988,not applicable,3709310,13,8,0.6% Fe,3/1/19,14.63,,Switch_N
44.mzML,animal,biofluid,10088|Mus,2020,"solid material, frozen",methanol-water (4:1),sulfadimethoxine,Q Exactive|MS:1001911,electrospray ionization (positive),reverse phase (C18),44.mzML,not applicable,female,feces,not applicable,healthy,not applicable,not applicable,,United States of America,not applicable,not applicable,not applicable,not applicable,MSV000084783_44.mzML,not applicable,UBERON:0001988,not applicable,3709317,14,8,0.6% Fe,3/7/19,13.32,,Switch_N
45.mzML,animal,biofluid,10088|Mus,2020,"solid material, frozen",methanol-water (4:1),sulfadimethoxine,Q Exactive|MS:1001911,electrospray ionization (positive),reverse phase (C18),45.mzML,not applicable,female,feces,not applicable,healthy,not applicable,not applicable,,United States of America,not applicable,not applicable,not applicable,not applicable,MSV000084783_45.mzML,not applicable,UBERON:0001988,not applicable,3709317,15,8,0.6% Fe,3/7/19,11.2,,Switch_N
46.mzML,animal,biofluid,10088|Mus,2020,"solid material, frozen",methanol-water (4:1),sulfadimethoxine,Q Exactive|MS:1001911,electrospray ionization (positive),reverse phase (C18),46.mzML,not applicable,female,feces,not applicable,healthy,not applicable,not applicable,,United States of America,not applicable,not applicable,not applicable,not applicable,MSV000084783_46.mzML,not applicable,UBERON:0001988,not applicable,3709314,1,12,Normal,3/7/19,14.88,1.11,Switch_N
47.mzML,animal,biofluid,10088|Mus,2020,"solid material, frozen",methanol-water (4:1),sulfadimethoxine,Q Exactive|MS:1001911,electrospray ionization (positive),reverse phase (C18),47.mzML,not applicable,female,feces,not applicable,healthy,not applicable,not applicable,,United States of America,not applicable,not applicable,not applicable,not applicable,MSV000084783_47.mzML,not applicable,UBERON:0001988,not applicable,3709314,2,12,Normal,3/7/19,15.09,2.07,Switch_N
48.mzML,animal,biofluid,10088|Mus,2020,"solid material, frozen",methanol-water (4:1),sulfadimethoxine,Q Exactive|MS:1001911,electrospray ionization (positive),reverse phase (C18),48.mzML,not applicable,female,feces,not applicable,healthy,not applicable,not applicable,,United States of America,not applicable,not applicable,not applicable,not applicable,MSV000084783_48.mzML,not applicable,UBERON:0001988,not applicable,3709314,3,12,Normal,3/7/19,12.61,1.53,Switch_N
49.mzML,animal,biofluid,10088|Mus,2020,"solid material, frozen",methanol-water (4:1),sulfadimethoxine,Q Exactive|MS:1001911,electrospray ionization (positive),reverse phase (C18),49.mzML,not applicable,female,feces,not applicable,healthy,not applicable,not applicable,,United States of America,not applicable,not applicable,not applicable,not applicable,MSV000084783_49.mzML,not applicable,UBERON:0001988,not applicable,3709316,4,12,Normal,3/1/19,19.03,1.29,Switch_N
5.mzML,animal,biofluid,10088|Mus,2020,"solid material, frozen",methanol-water (4:1),sulfadimethoxine,Q Exactive|MS:1001911,electrospray ionization (positive),reverse phase (C18),5.mzML,not applicable,female,feces,not applicable,healthy,not applicable,not applicable,,United States of America,not applicable,not applicable,not applicable,not applicable,MSV000084783_5.mzML,not applicable,UBERON:0001988,not applicable,3709316,5,0,Normal,3/1/19,,,Switch_N
50.mzML,animal,biofluid,10088|Mus,2020,"solid material, frozen",methanol-water (4:1),sulfadimethoxine,Q Exactive|MS:1001911,electrospray ionization (positive),reverse phase (C18),50.mzML,not applicable,female,feces,not applicable,healthy,not applicable,not applicable,,United States of America,not applicable,not applicable,not applicable,not applicable,MSV000084783_50.mzML,not applicable,UBERON:0001988,not applicable,3709316,5,12,Normal,3/1/19,18.12,1.17,Switch_N
51.mzML,animal,biofluid,10088|Mus,2020,"solid material, frozen",methanol-water (4:1),sulfadimethoxine,Q Exactive|MS:1001911,electrospray ionization (positive),reverse phase (C18),51.mzML,not applicable,female,feces,not applicable,healthy,not applicable,not applicable,,United States of America,not applicable,not applicable,not applicable,not applicable,MSV000084783_51.mzML,not applicable,UBERON:0001988,not applicable,3709312,6,12,Deficient,3/4/19,12.62,1.56,Switch_N
52.mzML,animal,biofluid,10088|Mus,2020,"solid material, frozen",methanol-water (4:1),sulfadimethoxine,Q Exactive|MS:1001911,electrospray ionization (positive),reverse phase (C18),52.mzML,not applicable,female,feces,not applicable,healthy,not applicable,not applicable,,United States of America,not applicable,not applicable,not applicable,not applicable,MSV000084783_52.mzML,not applicable,UBERON:0001988,not applicable,3709312,7,12,Deficient,3/4/19,16.43,1.35,Switch_N
53.mzML,animal,biofluid,10088|Mus,2020,"solid material, frozen",methanol-water (4:1),sulfadimethoxine,Q Exactive|MS:1001911,electrospray ionization (positive),reverse phase (C18),53.mzML,not applicable,female,feces,not applicable,healthy,not applicable,not applicable,,United States of America,not applicable,not applicable,not applicable,not applicable,MSV000084783_53.mzML,not applicable,UBERON:0001988,not applicable,3709312,8,12,Deficient,3/4/19,18.09,0.85,Switch_N
54.mzML,animal,biofluid,10088|Mus,2020,"solid material, frozen",methanol-water (4:1),sulfadimethoxine,Q Exactive|MS:1001911,electrospray ionization (positive),reverse phase (C18),54.mzML,not applicable,male,feces,not applicable,healthy,not applicable,not applicable,,United States of America,not applicable,not applicable,not applicable,not applicable,MSV000084783_54.mzML,not applicable,UBERON:0001988,not applicable,3709311,9,12,Deficient,3/1/19,18.77,1.07,Switch_N
55.mzML,animal,biofluid,10088|Mus,2020,"solid material, frozen",methanol-water (4:1),sulfadimethoxine,Q Exactive|MS:1001911,electrospray ionization (positive),reverse phase (C18),55.mzML,not applicable,male,feces,not applicable,healthy,not applicable,not applicable,,United States of America,not applicable,not applicable,not applicable,not applicable,MSV000084783_55.mzML,not applicable,UBERON:0001988,not applicable,3709311,10,12,Deficient,3/1/19,17.67,2.34,Switch_N
56.mzML,animal,biofluid,10088|Mus,2020,"solid material, frozen",methanol-water (4:1),sulfadimethoxine,Q Exactive|MS:1001911,electrospray ionization (positive),reverse phase (C18),56.mzML,not applicable,female,feces,not applicable,healthy,not applicable,not applicable,,United States of America,not applicable,not applicable,not applicable,not applicable,MSV000084783_56.mzML,not applicable,UBERON:0001988,not applicable,3709310,11,12,0.6% Fe,3/1/19,16.45,1,Switch_N
57.mzML,animal,biofluid,10088|Mus,2020,"solid material, frozen",methanol-water (4:1),sulfadimethoxine,Q Exactive|MS:1001911,electrospray ionization (positive),reverse phase (C18),57.mzML,not applicable,female,feces,not applicable,healthy,not applicable,not applicable,,United States of America,not applicable,not applicable,not applicable,not applicable,MSV000084783_57.mzML,not applicable,UBERON:0001988,not applicable,3709310,12,12,0.6% Fe,3/1/19,16.22,0.7,Switch_N
58.mzML,animal,biofluid,10088|Mus,2020,"solid material, frozen",methanol-water (4:1),sulfadimethoxine,Q Exactive|MS:1001911,electrospray ionization (positive),reverse phase (C18),58.mzML,not applicable,female,feces,not applicable,healthy,not applicable,not applicable,,United States of America,not applicable,not applicable,not applicable,not applicable,MSV000084783_58.mzML,not applicable,UBERON:0001988,not applicable,3709310,13,12,0.6% Fe,3/1/19,15.4,0.77,Switch_N
59.mzML,animal,biofluid,10088|Mus,2020,"solid material, frozen",methanol-water (4:1),sulfadimethoxine,Q Exactive|MS:1001911,electrospray ionization (positive),reverse phase (C18),59.mzML,not applicable,female,feces,not applicable,healthy,not applicable,not applicable,,United States of America,not applicable,not applicable,not applicable,not applicable,MSV000084783_59.mzML,not applicable,UBERON:0001988,not applicable,3709317,14,12,0.6% Fe,3/7/19,15.09,1.77,Switch_N
60.mzML,animal,biofluid,10088|Mus,2020,"solid material, frozen",methanol-water (4:1),sulfadimethoxine,Q Exactive|MS:1001911,electrospray ionization (positive),reverse phase (C18),60.mzML,not applicable,female,feces,not applicable,healthy,not applicable,not applicable,,United States of America,not applicable,not applicable,not applicable,not applicable,MSV000084783_60.mzML,not applicable,UBERON:0001988,not applicable,3709317,15,12,0.6% Fe,3/7/19,12.35,1.15,Switch_N
61.mzML,animal,biofluid,10088|Mus,2020,"solid material, frozen",methanol-water (4:1),sulfadimethoxine,Q Exactive|MS:1001911,electrospray ionization (positive),reverse phase (C18),61.mzML,not applicable,female,feces,not applicable,healthy,not applicable,not applicable,,United States of America,not applicable,not applicable,not applicable,not applicable,MSV000084783_61.mzML,not applicable,UBERON:0001988,not applicable,3709314,1,19,Normal,3/7/19,16.33,1.45,Switch_N
62.mzML,animal,biofluid,10088|Mus,2020,"solid material, frozen",methanol-water (4:1),sulfadimethoxine,Q Exactive|MS:1001911,electrospray ionization (positive),reverse phase (C18),62.mzML,not applicable,female,feces,not applicable,healthy,not applicable,not applicable,,United States of America,not applicable,not applicable,not applicable,not applicable,MSV000084783_62.mzML,not applicable,UBERON:0001988,not applicable,3709314,2,19,Normal,3/7/19,16.34,1.25,Switch_N
63.mzML,animal,biofluid,10088|Mus,2020,"solid material, frozen",methanol-water (4:1),sulfadimethoxine,Q Exactive|MS:1001911,electrospray ionization (positive),reverse phase (C18),63.mzML,not applicable,female,feces,not applicable,healthy,not applicable,not applicable,,United States of America,not applicable,not applicable,not applicable,not applicable,MSV000084783_63.mzML,not applicable,UBERON:0001988,not applicable,3709314,3,19,Normal,3/7/19,14.1,1.49,Switch_N
64.mzML,animal,biofluid,10088|Mus,2020,"solid material, frozen",methanol-water (4:1),sulfadimethoxine,Q Exactive|MS:1001911,electrospray ionization (positive),reverse phase (C18),64.mzML,not applicable,female,feces,not applicable,healthy,not applicable,not applicable,5/1/19,United States of America,not applicable,not applicable,not applicable,not applicable,MSV000084783_64.mzML,not applicable,UBERON:0001988,not applicable,3709316,4,19,Normal,3/1/19,20.74,1.71,Switch_N
65.mzML,animal,biofluid,10088|Mus,2020,"solid material, frozen",methanol-water (4:1),sulfadimethoxine,Q Exactive|MS:1001911,electrospray ionization (positive),reverse phase (C18),65.mzML,not applicable,female,feces,not applicable,healthy,not applicable,not applicable,5/1/19,United States of America,not applicable,not applicable,not applicable,not applicable,MSV000084783_65.mzML,not applicable,UBERON:0001988,not applicable,3709316,5,19,Normal,3/1/19,19.13,1.01,Switch_N
66.mzML,animal,biofluid,10088|Mus,2020,"solid material, frozen",methanol-water (4:1),sulfadimethoxine,Q Exactive|MS:1001911,electrospray ionization (positive),reverse phase (C18),66.mzML,not applicable,female,feces,not applicable,healthy,not applicable,not applicable,5/1/19,United States of America,not applicable,not applicable,not applicable,not applicable,MSV000084783_66.mzML,not applicable,UBERON:0001988,not applicable,3709312,6,19,Deficient,3/4/19,14.08,1.46,Switch_N
67.mzML,animal,biofluid,10088|Mus,2020,"solid material, frozen",methanol-water (4:1),sulfadimethoxine,Q Exactive|MS:1001911,electrospray ionization (positive),reverse phase (C18),67.mzML,not applicable,female,feces,not applicable,healthy,not applicable,not applicable,5/1/19,United States of America,not applicable,not applicable,not applicable,not applicable,MSV000084783_67.mzML,not applicable,UBERON:0001988,not applicable,3709312,7,19,Deficient,3/4/19,16.74,0.31,Switch_N
68.mzML,animal,biofluid,10088|Mus,2020,"solid material, frozen",methanol-water (4:1),sulfadimethoxine,Q Exactive|MS:1001911,electrospray ionization (positive),reverse phase (C18),68.mzML,not applicable,female,feces,not applicable,healthy,not applicable,not applicable,5/1/19,United States of America,not applicable,not applicable,not applicable,not applicable,MSV000084783_68.mzML,not applicable,UBERON:0001988,not applicable,3709312,8,19,Deficient,3/4/19,18.57,0.48,Switch_N
69.mzML,animal,biofluid,10088|Mus,2020,"solid material, frozen",methanol-water (4:1),sulfadimethoxine,Q Exactive|MS:1001911,electrospray ionization (positive),reverse phase (C18),69.mzML,not applicable,male,feces,not applicable,healthy,not applicable,not applicable,5/1/19,United States of America,not applicable,not applicable,not applicable,not applicable,MSV000084783_69.mzML,not applicable,UBERON:0001988,not applicable,3709311,9,19,Deficient,3/1/19,20.72,1.95,Switch_N
7.mzML,animal,biofluid,10088|Mus,2020,"solid material, frozen",methanol-water (4:1),sulfadimethoxine,Q Exactive|MS:1001911,electrospray ionization (positive),reverse phase (C18),7.mzML,not applicable,female,feces,not applicable,healthy,not applicable,not applicable,,United States of America,not applicable,not applicable,not applicable,not applicable,MSV000084783_7.mzML,not applicable,UBERON:0001988,not applicable,3709312,7,0,Deficient,3/4/19,,,Switch_N
70.mzML,animal,biofluid,10088|Mus,2020,"solid material, frozen",methanol-water (4:1),sulfadimethoxine,Q Exactive|MS:1001911,electrospray ionization (positive),reverse phase (C18),70.mzML,not applicable,male,feces,not applicable,healthy,not applicable,not applicable,5/1/19,United States of America,not applicable,not applicable,not applicable,not applicable,MSV000084783_70.mzML,not applicable,UBERON:0001988,not applicable,3709311,10,19,Deficient,3/1/19,20.45,2.78,Switch_N
71.mzML,animal,biofluid,10088|Mus,2020,"solid material, frozen",methanol-water (4:1),sulfadimethoxine,Q Exactive|MS:1001911,electrospray ionization (positive),reverse phase (C18),71.mzML,not applicable,female,feces,not applicable,healthy,not applicable,not applicable,5/1/19,United States of America,not applicable,not applicable,not applicable,not applicable,MSV000084783_71.mzML,not applicable,UBERON:0001988,not applicable,3709310,11,19,0.6% Fe,3/1/19,16.54,0.09,Switch_N
72.mzML,animal,biofluid,10088|Mus,2020,"solid material, frozen",methanol-water (4:1),sulfadimethoxine,Q Exactive|MS:1001911,electrospray ionization (positive),reverse phase (C18),72.mzML,not applicable,female,feces,not applicable,healthy,not applicable,not applicable,5/1/19,United States of America,not applicable,not applicable,not applicable,not applicable,MSV000084783_72.mzML,not applicable,UBERON:0001988,not applicable,3709310,12,19,0.6% Fe,3/1/19,16.48,0.26,Switch_N
73.mzML,animal,biofluid,10088|Mus,2020,"solid material, frozen",methanol-water (4:1),sulfadimethoxine,Q Exactive|MS:1001911,electrospray ionization (positive),reverse phase (C18),73.mzML,not applicable,female,feces,not applicable,healthy,not applicable,not applicable,5/1/19,United States of America,not applicable,not applicable,not applicable,not applicable,MSV000084783_73.mzML,not applicable,UBERON:0001988,not applicable,3709310,13,19,0.6% Fe,3/1/19,15.79,0.39,Switch_N
74.mzML,animal,biofluid,10088|Mus,2020,"solid material, frozen",methanol-water (4:1),sulfadimethoxine,Q Exactive|MS:1001911,electrospray ionization (positive),reverse phase (C18),74.mzML,not applicable,female,feces,not applicable,healthy,not applicable,not applicable,5/1/19,United States of America,not applicable,not applicable,not applicable,not applicable,MSV000084783_74.mzML,not applicable,UBERON:0001988,not applicable,3709317,14,19,0.6% Fe,3/7/19,16.84,1.75,Switch_N
75.mzML,animal,biofluid,10088|Mus,2020,"solid material, frozen",methanol-water (4:1),sulfadimethoxine,Q Exactive|MS:1001911,electrospray ionization (positive),reverse phase (C18),75.mzML,not applicable,female,feces,not applicable,healthy,not applicable,not applicable,5/1/19,United States of America,not applicable,not applicable,not applicable,not applicable,MSV000084783_75.mzML,not applicable,UBERON:0001988,not applicable,3709317,15,19,0.6% Fe,3/7/19,13.95,1.6,Switch_N
77.mzML,animal,biofluid,10088|Mus,2020,"solid material, frozen",methanol-water (4:1),sulfadimethoxine,Q Exactive|MS:1001911,electrospray ionization (positive),reverse phase (C18),77.mzML,not applicable,female,feces,not applicable,healthy,not applicable,not applicable,5/7/19,United States of America,not applicable,not applicable,not applicable,not applicable,MSV000084783_77.mzML,not applicable,UBERON:0001988,not applicable,3709314,2,26,Normal,3/7/19,17,0.66,Switch_N
78.mzML,animal,biofluid,10088|Mus,2020,"solid material, frozen",methanol-water (4:1),sulfadimethoxine,Q Exactive|MS:1001911,electrospray ionization (positive),reverse phase (C18),78.mzML,not applicable,female,feces,not applicable,healthy,not applicable,not applicable,5/7/19,United States of America,not applicable,not applicable,not applicable,not applicable,MSV000084783_78.mzML,not applicable,UBERON:0001988,not applicable,3709314,3,26,Normal,3/7/19,14.88,0.78,Switch_N
79.mzML,animal,biofluid,10088|Mus,2020,"solid material, frozen",methanol-water (4:1),sulfadimethoxine,Q Exactive|MS:1001911,electrospray ionization (positive),reverse phase (C18),79.mzML,not applicable,female,feces,not applicable,healthy,not applicable,not applicable,5/7/19,United States of America,not applicable,not applicable,not applicable,not applicable,MSV000084783_79.mzML,not applicable,UBERON:0001988,not applicable,3709316,4,26,Normal,3/1/19,21.87,1.13,Switch_N
8.mzML,animal,biofluid,10088|Mus,2020,"solid material, frozen",methanol-water (4:1),sulfadimethoxine,Q Exactive|MS:1001911,electrospray ionization (positive),reverse phase (C18),8.mzML,not applicable,female,feces,not applicable,healthy,not applicable,not applicable,,United States of America,not applicable,not applicable,not applicable,not applicable,MSV000084783_8.mzML,not applicable,UBERON:0001988,not applicable,3709312,8,0,Deficient,3/4/19,,,Switch_N
80.mzML,animal,biofluid,10088|Mus,2020,"solid material, frozen",methanol-water (4:1),sulfadimethoxine,Q Exactive|MS:1001911,electrospray ionization (positive),reverse phase (C18),80.mzML,not applicable,female,feces,not applicable,healthy,not applicable,not applicable,5/7/19,United States of America,not applicable,not applicable,not applicable,not applicable,MSV000084783_80.mzML,not applicable,UBERON:0001988,not applicable,3709316,5,26,Normal,3/1/19,20.2,1.07,Switch_N
83.mzML,animal,biofluid,10088|Mus,2020,"solid material, frozen",methanol-water (4:1),sulfadimethoxine,Q Exactive|MS:1001911,electrospray ionization (positive),reverse phase (C18),83.mzML,not applicable,female,feces,not applicable,healthy,not applicable,not applicable,5/7/19,United States of America,not applicable,not applicable,not applicable,not applicable,MSV000084783_83.mzML,not applicable,UBERON:0001988,not applicable,3709312,8,26,Deficient,3/4/19,19.53,0.96,Switch_N
84.mzML,animal,biofluid,10088|Mus,2020,"solid material, frozen",methanol-water (4:1),sulfadimethoxine,Q Exactive|MS:1001911,electrospray ionization (positive),reverse phase (C18),84.mzML,not applicable,male,feces,not applicable,healthy,not applicable,not applicable,5/7/19,United States of America,not applicable,not applicable,not applicable,not applicable,MSV000084783_84.mzML,not applicable,UBERON:0001988,not applicable,3709311,9,26,Deficient,3/1/19,22.3,1.58,Switch_N
85.mzML,animal,biofluid,10088|Mus,2020,"solid material, frozen",methanol-water (4:1),sulfadimethoxine,Q Exactive|MS:1001911,electrospray ionization (positive),reverse phase (C18),85.mzML,not applicable,male,feces,not applicable,healthy,not applicable,not applicable,5/7/19,United States of America,not applicable,not applicable,not applicable,not applicable,MSV000084783_85.mzML,not applicable,UBERON:0001988,not applicable,3709311,10,26,Deficient,3/1/19,22.3,1.85,Switch_N
87.mzML,animal,biofluid,10088|Mus,2020,"solid material, frozen",methanol-water (4:1),sulfadimethoxine,Q Exactive|MS:1001911,electrospray ionization (positive),reverse phase (C18),87.mzML,not applicable,female,feces,not applicable,healthy,not applicable,not applicable,5/7/19,United States of America,not applicable,not applicable,not applicable,not applicable,MSV000084783_87.mzML,not applicable,UBERON:0001988,not applicable,3709310,12,26,0.6% Fe,3/1/19,18.05,1.57,Switch_N
88.mzML,animal,biofluid,10088|Mus,2020,"solid material, frozen",methanol-water (4:1),sulfadimethoxine,Q Exactive|MS:1001911,electrospray ionization (positive),reverse phase (C18),88.mzML,not applicable,female,feces,not applicable,healthy,not applicable,not applicable,5/7/19,United States of America,not applicable,not applicable,not applicable,not applicable,MSV000084783_88.mzML,not applicable,UBERON:0001988,not applicable,3709310,13,26,0.6% Fe,3/1/19,16.7,0.91,Switch_N
89.mzML,animal,biofluid,10088|Mus,2020,"solid material, frozen",methanol-water (4:1),sulfadimethoxine,Q Exactive|MS:1001911,electrospray ionization (positive),reverse phase (C18),89.mzML,not applicable,female,feces,not applicable,healthy,not applicable,not applicable,5/7/19,United States of America,not applicable,not applicable,not applicable,not applicable,MSV000084783_89.mzML,not applicable,UBERON:0001988,not applicable,3709317,14,26,0.6% Fe,3/7/19,17.73,0.89,Switch_N
9.mzML,animal,biofluid,10088|Mus,2020,"solid material, frozen",methanol-water (4:1),sulfadimethoxine,Q Exactive|MS:1001911,electrospray ionization (positive),reverse phase (C18),9.mzML,not applicable,male,feces,not applicable,healthy,not applicable,not applicable,,United States of America,not applicable,not applicable,not applicable,not applicable,MSV000084783_9.mzML,not applicable,UBERON:0001988,not applicable,3709311,9,0,Deficient,3/1/19,,,Switch_N
90.mzML,animal,biofluid,10088|Mus,2020,"solid material, frozen",methanol-water (4:1),sulfadimethoxine,Q Exactive|MS:1001911,electrospray ionization (positive),reverse phase (C18),90.mzML,not applicable,female,feces,not applicable,healthy,not applicable,not applicable,5/7/19,United States of America,not applicable,not applicable,not applicable,not applicable,MSV000084783_90.mzML,not applicable,UBERON:0001988,not applicable,3709317,15,26,0.6% Fe,3/7/19,15.7,1.75,Switch_N
91.mzML,animal,biofluid,10088|Mus,2020,"solid material, frozen",methanol-water (4:1),sulfadimethoxine,Q Exactive|MS:1001911,electrospray ionization (positive),reverse phase (C18),91.mzML,not applicable,female,feces,not applicable,healthy,not applicable,not applicable,5/7/19,United States of America,not applicable,not applicable,not applicable,not applicable,MSV000084783_91.mzML,not applicable,UBERON:0001988,not applicable,3709314,1,33,Normal,3/7/19,18.61,1.15,Switch_N
92.mzML,animal,biofluid,10088|Mus,2020,"solid material, frozen",methanol-water (4:1),sulfadimethoxine,Q Exactive|MS:1001911,electrospray ionization (positive),reverse phase (C18),92.mzML,not applicable,female,feces,not applicable,healthy,not applicable,not applicable,5/7/19,United States of America,not applicable,not applicable,not applicable,not applicable,MSV000084783_92.mzML,not applicable,UBERON:0001988,not applicable,3709314,2,33,Normal,3/7/19,17.62,0.62,Switch_N
93.mzML,animal,biofluid,10088|Mus,2020,"solid material, frozen",methanol-water (4:1),sulfadimethoxine,Q Exactive|MS:1001911,electrospray ionization (positive),reverse phase (C18),93.mzML,not applicable,female,feces,not applicable,healthy,not applicable,not applicable,5/7/19,United States of America,not applicable,not applicable,not applicable,not applicable,MSV000084783_93.mzML,not applicable,UBERON:0001988,not applicable,3709314,3,33,Normal,3/7/19,15.65,0.77,Switch_N
94.mzML,animal,biofluid,10088|Mus,2020,"solid material, frozen",methanol-water (4:1),sulfadimethoxine,Q Exactive|MS:1001911,electrospray ionization (positive),reverse phase (C18),94.mzML,not applicable,female,feces,not applicable,healthy,not applicable,not applicable,5/7/19,United States of America,not applicable,not applicable,not applicable,not applicable,MSV000084783_94.mzML,not applicable,UBERON:0001988,not applicable,3709316,4,33,Normal,3/1/19,22.43,0.56,Switch_N
95.mzML,animal,biofluid,10088|Mus,2020,"solid material, frozen",methanol-water (4:1),sulfadimethoxine,Q Exactive|MS:1001911,electrospray ionization (positive),reverse phase (C18),95.mzML,not applicable,female,feces,not applicable,healthy,not applicable,not applicable,5/7/19,United States of America,not applicable,not applicable,not applicable,not applicable,MSV000084783_95.mzML,not applicable,UBERON:0001988,not applicable,3709316,5,33,Normal,3/1/19,21.48,1.28,Switch_N
96.mzML,animal,biofluid,10088|Mus,2020,"solid material, frozen",methanol-water (4:1),sulfadimethoxine,Q Exactive|MS:1001911,electrospray ionization (positive),reverse phase (C18),96.mzML,not applicable,female,feces,not applicable,healthy,not applicable,not applicable,5/7/19,United States of America,not applicable,not applicable,not applicable,not applicable,MSV000084783_96.mzML,not applicable,UBERON:0001988,not applicable,3709312,6,33,Deficient,3/4/19,14.33,-126.81,Switch_N
97.mzML,animal,biofluid,10088|Mus,2020,"solid material, frozen",methanol-water (4:1),sulfadimethoxine,Q Exactive|MS:1001911,electrospray ionization (positive),reverse phase (C18),97.mzML,not applicable,female,feces,not applicable,healthy,not applicable,not applicable,5/7/19,United States of America,not applicable,not applicable,not applicable,not applicable,MSV000084783_97.mzML,not applicable,UBERON:0001988,not applicable,3709312,7,33,Deficient,3/4/19,18.86,1.26,Switch_N
98.mzML,animal,biofluid,10088|Mus,2020,"solid material, frozen",methanol-water (4:1),sulfadimethoxine,Q Exactive|MS:1001911,electrospray ionization (positive),reverse phase (C18),98.mzML,not applicable,female,feces,not applicable,healthy,not applicable,not applicable,5/7/19,United States of America,not applicable,not applicable,not applicable,not applicable,MSV000084783_98.mzML,not applicable,UBERON:0001988,not applicable,3709312,8,33,Deficient,3/4/19,19.9,0.37,Switch_N
99.mzML,animal,biofluid,10088|Mus,2020,"solid material, frozen",methanol-water (4:1),sulfadimethoxine,Q Exactive|MS:1001911,electrospray ionization (positive),reverse phase (C18),99.mzML,not applicable,male,feces,not applicable,healthy,not applicable,not applicable,5/7/19,United States of America,not applicable,not applicable,not applicable,not applicable,MSV000084783_99.mzML,not applicable,UBERON:0001988,not applicable,3709311,9,33,Deficient,3/1/19,23.67,1.37,Switch_N
bedding.mzML,inanimate_object,not specified,not applicable,2020,"solid material, frozen",methanol-water (4:1),sulfadimethoxine,Q Exactive|MS:1001911,electrospray ionization (positive),reverse phase (C18),bedding.mzML,not applicable,not applicable,not applicable,not applicable,not applicable,not applicable,not applicable,not applicable,United States of America,not applicable,not applicable,not applicable,not applicable,MSV000084784_bedding.mzML,not applicable,not applicable,not applicable,not applicable,not applicable,not applicable,not applicable,not applicable,not applicable,not applicable,not applicable
